asset,location,function,implementation_status,key_dependencies,novelty,defensibility,commercial_applicability,evidence_label,notes
Authority-arbitration transition function,os/qratum-os/crates/qratum-arbiter/src/state_machine.rs,"Pure total function V:(Intent x LockState x Tick)->(Verdict x LockState') deciding whether a human console or an autonomous system holds control; holder lattice + console-dominance window + override-thrash limiter + queue/schema denials",FUNCTIONAL,"serde only; no_std-compatible core logic",Medium-High,Low,High,TESTED,"182 LOC. Verdict codes are stable u8 values suitable for audit. 163 crate tests pass on host target."
270-scenario golden replay corpus,os/qratum-os/crates/qratum-arbiter/tests/replay_expected/ + corpus.rs,"Committed per-scenario expected verdict_codes + lock_state_hash + audit_tail_hash; CI detects drift via git diff after regeneration",FUNCTIONAL,"blake3, serde_json",Medium,Low-Medium,Medium,TESTED,"270 files verified present. The in-test 'manifest_round_trip' rewrites the manifest before comparing, so drift is caught by the workflow's git-diff step, not by the test itself."
4-hash determinism receipt,os/qratum-os/crates/qratum-arbiter/src/kernel_equivalence.rs::compute_receipt,"Blake3 digest over kernel-trace / arbiter-trace / SMP-recompose / AHTC-fold axes; asserted byte-stable across runs",FUNCTIONAL,blake3,Low-Medium,Low,Low,TESTED,"determinism_receipt_is_byte_stable passes. DeterminismReceipt::all_match() returns true unconditionally. SMP axis hardcodes online_count=1."
Kernel<->host equivalence harness,os/qratum-os/crates/qratum-arbiter/src/kernel_equivalence.rs,"Claims to prove the kernel lattice matches the host arbiter over the 270-corpus",PARTIAL,"self-referential",Low,None,Low,TESTED,"synthesize_kernel_state() derives the 'kernel' state from the same host arbitrate(); verify_corpus_equivalence() then checks it against the host. A round-trip self-check, not kernel verification. Code comments say so."
Claim registry (proof_gate::CLAIMS),os/qratum-os/crates/qratum-arbiter/src/proof_gate.rs,"Binds every published quantitative claim to a named compute function, named test case, named CI gate and set of doc phrases; CI fails on unregistered claim lines",FUNCTIONAL,none,High,Low,Medium,TESTED,"7 registered claims, 11 trace points. Scans only README.md and spec/ahtc_k.md despite the policy asserting repo-wide scope."
Performance-claims language policy + enforcement,os/qratum-os/spec/performance_claims_policy.md + tests/claim_language_enforcement.rs,"Approved-vocabulary allowlist, forbidden-marketing-term denylist, 9 mandatory provenance fields per claim",FUNCTIONAL,none,High,Low,Medium,TESTED,"Test only scans the policy file itself, not 'every artifact under this repository' as the policy states."
Traceability matrix orphan gate,os/qratum-os/spec/traceability_matrix.md + .github/workflows/determinism.yml,"CI fails if any numbered row has an empty cell, or if FORMAL MODEL / REPLAY RECEIPT columns are missing",FUNCTIONAL,grep,Medium-High,Low,Medium,OBSERVED,"Shell-based gate inside the determinism workflow."
Formal model limits declaration,os/qratum-os/formal/model_limits.md,"Declares bounded constants, state-space pruning, PROPERTIES NOT PROVED, and a runtime-witness obligation per formal property",FUNCTIONAL,none,High,Low,Low,OBSERVED,"Unusually disciplined document. Its own premise is undercut by the missing .cfg files below."
TLA+ specification suite,os/qratum-os/formal/*.tla,"14 specs covering arbitration invariance, replay consistency, migration, multicore ordering, receipt Merkle consistency, divergence envelope",PARTIAL,"TLC / tla2tools.jar",Medium-High,Low-Medium,Low,OBSERVED,"14 .tla files present; ZERO .cfg files exist repo-wide. The documented invocation requires -config <name>.cfg. No workflow runs TLC. Never machine-checked."
AHTC-K canonical-key folding,os/qratum-os/src/kernel/ahtc_k/ + crates/qratum-arbiter/src/ahtc_k.rs,"Canonicalizes intents to a 6-field key and folds duplicates into batches with full member lists for replay expansion",FUNCTIONAL,blake3 (host) / FNV-1a-64 (kernel),Low,Low,Low,TESTED,"Mechanically correct dedup/coalescing. Host and kernel use different hash functions by design; parity not required."
AHTC-K reduction benchmark,os/qratum-os/crates/qratum-arbiter/src/performance.rs,"Synthetic workload + baseline/AHTC-K comparison feeding the registered 10x claim",FUNCTIONAL,none,None,None,None,TESTED,"workload() emits 1 hot key + COLD_POOL=32 cold keys, so AHTC-K enqueues = 33 for any N. Ratio = N/33: 1515x at N=50k, 3030x at N=100k. The 10x gate cannot fail above N=330."
Receipt chain (execution receipts),os/qratum-os/crates/qratum-arbiter/src/execution_receipt.rs,"Append-only chain of execution receipts with replay-reproducible chain hash",FUNCTIONAL,none,Low,None,Low,OBSERVED,"Chain hash uses FNV-1a-64, a NON-cryptographic 64-bit hash. Detects accidental corruption; offers no resistance to a motivated adversary."
Receipt Merkle tree,os/qratum-os/crates/qratum-arbiter/src/receipt_merkle.rs,"Real binary Merkle tree over 32-byte receipt leaves using Blake3",FUNCTIONAL,blake3,Low,None,Low,OBSERVED,"Genuine tree (unlike the Python QRADLE version) but duplicates the odd leaf without domain separation and exposes no inclusion-proof API."
no_std UEFI x86_64 kernel,os/qratum-os/src/kernel/,"Bare-metal kernel: GDT/IDT, paging, APIC/x2APIC, PIT, PIC, scheduler, preemption, syscalls, SMP, audit persistence, blake3, runtime_model receipts",PROTOTYPE,"uefi 0.31, x86_64 0.15, spin, linked_list_allocator, pic8259, nightly-2025-04-01",Low-Medium,Medium,Low,OBSERVED,"112 files / 8163 LOC. Prebuilt BOOTX64.EFI committed. Build and run scripts are PowerShell-only; no QEMU boot test in CI."
Determinism CI workflow,.github/workflows/determinism.yml,"~60 gate steps covering golden corpus, syscall equivalence, SMP, migration replay, receipts, claim registry",PARTIAL,"GitHub Actions, ubuntu-latest",Medium,Low,Low,TESTED,"CANNOT PASS AS CONFIGURED. .cargo/config.toml forces target=x86_64-pc-windows-msvc; cargo build --tests fails on ubuntu-latest with E0463 'can't find crate for core'. Verified by execution."
Reproducibility receipt driver,os/qratum-os/tools/repro/reproduce.sh + .github/workflows/reproducibility.yml,"One-command build + test + hash, emitting final_state.hash, audit.hash, replay_receipt.json",PARTIAL,"cargo, sha256sum, jq",Low,None,Low,TESTED,"audit.hash is sha256 of the test log, which embeds per-suite wall-clock timings; two consecutive runs produced different digests. replay_receipt.json embeds a wall-clock timestamp. The workflow only asserts the files are non-empty."
HCAL policy-gated actuation layer,quasim/hcal/,"Hardware control with dry-run default, device allowlist, power/clock limits, rate limits, approval gates, environment tiers, topology discovery, telemetry, tamper-evident audit, closed-loop calibration",FUNCTIONAL,"NVIDIA NVML, AMD ROCm, pyyaml",Medium,Low-Medium,Medium-High,OBSERVED,"Most commercially legible component in the repository. Three overlapping policy classes in one file (PolicyValidator / Policy / PolicyEngine) indicate accreted duplication. No real-hardware validation evidence in-repo."
Contracts provenance + rollback proof,contracts/provenance.py + contracts/rollback_proof.py + contracts/enforcement.py,"Provenance chain builder, compliance artifacts, traceability matrix, 21 CFR Part 11 and DO-178C helper constructors",FUNCTIONAL,hashlib,Low,Low,Medium,OBSERVED,"2641 LOC. This - not qradle - is what the 14 verticals actually import."
QRADLE deterministic engine,qradle/core/engine.py,"Contract execution with checkpoint, event emission and output hashing under 8 declared fatal invariants",FUNCTIONAL,hashlib/json only,Low,None,Low,TESTED,"Invariant 8 (determinism) is never called by the engine: a non-deterministic executor runs without error. enforce_authorization_system(True) is called twice with a hardcoded literal."
QRADLE Merkle chain,qradle/core/merkle.py,"Hash-linked event log with 'Merkle proofs'",PARTIAL,hashlib/json,None,None,Low,TESTED,"Not a Merkle tree: a linear hash chain. get_proof() returns all subsequent hashes (999 entries for a 1001-node chain). verify_proof() compares only root_hash strings and accepts an empty bogus proof. Chain root is not replay-stable because append() hashes datetime.now()."
QRADLE rollback manager,qradle/core/rollback.py,"Checkpoint create / rollback / verify",PARTIAL,hashlib,None,None,Low,TESTED,"rollback_to_checkpoint() appends an event and returns the checkpoint dict; engine _execution_count and chain are not reverted."
QRADLE zone determinism enforcer,qradle/core/zones.py,"Z0-Z3 security zones with per-zone policy: network, dual control, audit trail, time limit, air gap, human oversight",FUNCTIONAL,hashlib,Low-Medium,Low,Medium,OBSERVED,"524 LOC, the largest and strongest QRADLE file. Dual control lives here, not in the engine; the engine never consults it."
QRADLE 8 fatal invariants,qradle/core/invariants.py,"Named invariant predicates raising InvariantViolation",FUNCTIONAL,none,Low,None,Low,TESTED,"Predicates are correct in isolation. Four of eight are either never invoked by the engine or invoked with hardcoded true."
QuASIM reproducibility module,quasim/reproducibility.py,"Seed-locked statevector simulator, Merkle-hashed quantum state fingerprints, trace replay, drift detection",FUNCTIONAL,numpy,Low,None,Low,OBSERVED,"700 LOC, real binary Merkle tree over amplitude chunks. Qiskit/Cirq already provide seeded deterministic simulation."
QuASIM simulation platform,quasim/,"Tensor networks, VQE, QAOA, CIIR, holographic/anti-tensor, SSSP optimizers, distributed, geo, dtwin, security",PROTOTYPE,"numpy, optional qiskit/pennylane/pyscf",Low,Low,Low,OBSERVED,"67376 LOC across 344 files - the largest subsystem. 53 of 344 files contain placeholder or simplification language."
PostDijkstra SSSP,quasim/opt/post_dijkstra_sssp.py,"'Novel' exact SSSP bypassing the priority-queue bottleneck",PROTOTYPE,none,None,None,None,OBSERVED,"Described mechanisms are bucketed delta-stepping (Meyer-Sanders 2003) and hierarchical/portal decomposition (contraction hierarchies / CRP). The repository's own BENCHMARK_REPORT.md records it as FAIL - correctness validation failed."
Q-Substrate runtime,q-substrate/src/,"<500KB deterministic runtime: 12-qubit simulator, MiniLM-L6-v2 Q4 inference, deterministic code generation, WASM pods, audit, discovery lattice",PROTOTYPE,"blake3, serde, wasm host",Low-Medium,Low,Low,OBSERVED,"5848 LOC. Not a CPU/GPU/HPC/QPU heterogeneous abstraction - an embedded single-process runtime. 7 of 16 files carry placeholder language."
AION polyglot substrate,aion/,"SIR hypergraph IR, C/SQL/CUDA lifters, LLVM and WASM backends, fusion, scheduling, proof synthesis, type system",PROTOTYPE,none declared,Low-Medium,Low,Low,OBSERVED,"12729 LOC marked 'Status: Production'. LLVM backend comments read 'Would use llvmlite for actual compilation'. The SMT solver is string formatting - z3 is not imported anywhere in aion/ and is not a declared dependency."
QRATUM-ASI,qratum_asi/,"Q-REALITY world model, Q-MIND reasoning, Q-EVOLVE self-improvement, Q-WILL intent generation, Q-FORGE discovery",CONCEPTUAL,"qradle (imported)",Low,None,None,OBSERVED,"50325 LOC. README states in bold: 'This is a THEORETICAL ARCHITECTURE... requires fundamental AI breakthroughs that have not yet occurred.' 50 of 129 files carry placeholder language."
ZK state verifier,qratum_asi/core/zk_state_verifier.py,"Zero-knowledge verification of state transitions",PLACEHOLDER,hashlib,None,None,None,OBSERVED,"Source comment: 'The placeholder accepts any well-formed proof for demonstration.' Verifying keys are literal b'placeholder_vk_' values. Risc0 and Halo2 paths are stubs."
14 vertical modules,verticals/,"FLUXA SPECTRA SYNTHOS VITRA CAPRA SENTRA AEGIS TERAGON HELIX NEURA LOGOS JURIS ECORA NEXUS",PROTOTYPE,"qratum_platform, contracts, numpy",None,None,Low,OBSERVED,"4403 LOC total (~280 per vertical). FLUXA route optimization is greedy nearest-neighbour with the in-code note 'Simplified heuristic - use OR-Tools for production'. NONE of the 14 import qradle."
Post-quantum cryptography,crypto/pqc/,"CRYSTALS-Dilithium, CRYSTALS-Kyber, SPHINCS+",PLACEHOLDER,sha3,None,None,None,OBSERVED,"Every scheme is explicitly labelled 'This is a placeholder implementation. Production should use:' in source. No lattice arithmetic present."
Goodyear tire materials database,demo_tire_library_goodyear/goodyear_materials_database.json,"1000 'Goodyear Quantum Pilot' tire materials with properties, test data and certification status",PLACEHOLDER,numpy,None,None,None,OBSERVED,"Procedurally generated by quasim/domains/tire/generator.py with np.random.RandomState(42). Exactly 125 materials per family x 8 families; 600/200/200 certification split. No proprietary dataset exists."
Aethernet overlay network,Aethernet/,"Zone-aware overlay with TXO objects, cryptographic provenance, dual-control authorization, ephemeral biometric keys",PROTOTYPE,"Rust + Python mix",Low,Low,Low,OBSERVED,"9941 LOC. A fourth independent provenance/dual-control implementation."
Hash-chain / provenance implementations (fragmentation),repo-wide,"Independent, non-interoperable hash-chain or Merkle implementations",N/A (meta-finding),n/a,n/a,n/a,n/a,OBSERVED,"34 files define their own chain/Merkle structures - qradle/core/merkle.py, qradle/merkle.py, contracts/provenance.py, qledger/chain.py, quasim/reproducibility.py, quasim/audit/log.py, quasim/hcal/audit.py, events/log.py, qratum/platform/event_chain.py, qratum/exascale/network/merkle_nic.py, os receipt_merkle.rs, q-substrate/audit.rs, Aethernet, and more. There is no single reusable provenance primitive."
