run_id,scenario_id,scenario_name,required_safety_level,n_steps,n_events,wall_time_s,solve_time_s,energy_served_mwh,unserved_energy_mwh,unserved_energy_fraction,n_steps_with_hard_violation,max_line_utilisation,max_line_overload_mw,min_reserve_margin,reserve_shortfall_mwh,min_frequency_proxy_hz,total_operating_cost_usd,unserved_energy_cost_usd,co2_tonnes,renewable_penetration,curtailment_mwh,storage_contribution,detection_step,first_violation_step,stabilization_step,recovery_time_min,energy_deficit_mwh,identity_hash,event_chain_root,event_tree_root,state_tree_root,final_state_hash,qradle_output_hash,qradle_chain_root,sample.index,sample.load_factor,sample.solar_factor,sample.wind_factor,sample.outage,sample.outage_duration_min,sample.vre_shock,sample.vre_shock_depth,sample.vre_shock_target,sample.onset_h,sample.load_seed,sample.solar_seed,sample.wind_seed,sample_index
mc777001-0000,MC_0000,Monte Carlo sample 0,ELEVATED,288,4,1.446548428999904,1.4172590599969226,7802.249794529257,0.0,0.0,0,0.8056425765003294,0.0,-1.3865580227836663e-15,0.0,50.0,266304.77961114375,0.0,1645.6448870923286,0.3339461236061212,0.0,0.01915902754417898,90,,,,0.0,64aed7e47071c3d2a79d129760bf34f6a3b67503c1f9c4b18761d053b2681f2c,dc98a3f785b95c820616a15559d59fe987f1d2cb333ebda6b8583e006efe9916,5756a3fcaf8224de2985ea668cbd88e7162b30e810cbceda30de4ee203bc6fc8,c99c610afce4192fe83f179c14029a434337e72c2d66b7ce356599d08fd71c91,c1b860f1d7dd805d48e04424e30b5164c5686419f704c483736740c60cecc324,caf8ceef81e5f1f043d9a4bc2029138b23ee5172fb38f3357d3dfe76807a42f5,f94765663daf4c385c12312e65c53dee57caf8fc9ab83f84619443fa3a2ed9aa,0,0.97765622992897,0.8113690711281337,1.062729824805222,False,193.11435107632843,True,0.7628575313394641,SOLAR_PV_1,7.4424229738978855,1863435814,235075684,455777593,0
mc777001-0001,MC_0001,Monte Carlo sample 1,ROUTINE,288,3,1.4968115669998951,1.4565228199962803,7237.053927582869,0.0,0.0,0,0.851780316218474,0.0,0.9499534828211913,0.0,50.0,246258.41226638414,0.0,1486.5316052358276,0.3366175792623872,0.0,0.01943630751009486,,,,,0.0,d8d7f2cae50975e064c21466fd734c91725fbca231edf0f7e527aa360e94f454,13ffdb06553cfa366eb37329257309a05cd0c68af71245c1f09eafc7f216ab92,2524618078877072aae8915afa73afb8fa78e4d57f133ca1033e7caf0e812681,51cebc401de7082c6765e5421fa8f93055ccf29005a04b2182b79f7449880a73,aaf3bcd2ac6fd54fbd5837b47ca080dfdd15afc9aafc7fb4af1aa3bdfe3bb86b,48b86ee36cca359978911e6b8328f5560608e442efebd6d934623ec0c962503d,69eaaaeb856d0e170d0874e9307a85aa3b075564d90323bacc1fa8cad8eef2a1,1,0.908174134597311,0.8912454075047388,0.710241107277088,False,229.5081643554515,False,0.5513999260904264,WIND_1,18.16647823659531,679342559,2073709089,574276945,1
mc777001-0002,MC_0002,Monte Carlo sample 2,SENSITIVE,288,5,1.4704715069997292,1.4402167940029358,7479.595306554229,0.0,0.0,0,0.8058805547590148,0.0,-0.003682554265115154,0.01735965555191162,49.9961068990376,282246.2098996457,0.0,1533.0898834118063,0.3086904620454946,0.0,0.02344475566721052,129,,241,20.0,0.0,f1566fa673b57c60509f2b135295a5b84139da284f09ac0e4c2a1b8c1ddcf1d9,651121110921632717181884f9bde2c3963b1d1e865b55ea0fd7ab1bb3a7d62b,4b0a1b34c0eb43e3b951485d3a2a7a427e2ade816587459bad0220f02cfd80ee,fa31f188132e1e84edaa34fefb4ce18aebde2c590107f5435920712ec9a26ee2,d3a607f2f54d461fbf55d9c633037dfab8bef6dc55c419f5190fb9d8cfa0e21a,96293a7688198c5b60f1985ccd8448245816c98f4077a9b80df8e68e9a0bc336,f7920c6172b1e55e4a557b24f01db0474f4294dc455d11c8ef3b5c93a74e389e,2,0.9355997383210102,0.7778544883712316,0.6096489352275509,True,178.38398808277074,True,0.7916839044424983,SOLAR_PV_1,10.668529897716766,1440304456,1012770730,1000926585,2
mc777001-0003,MC_0003,Monte Carlo sample 3,ELEVATED,288,4,1.520759874000305,1.4827460809992772,7065.458563786133,0.0,0.0,0,0.7132961855233197,0.0,0.34183807188227333,0.0,50.0,290297.60695654043,0.0,1751.5066543574603,0.2007286602065685,0.0,0.021132637884826708,81,,,,0.0,4c46d6c468421cb20918c04f02a61a9967e20773563411abd4919e2de709232d,2ee0b9418fc475395a471add2b0be465f64b49834b55d938a6fe9a753a22978d,73011224e4f553c65a1b1b3037d18efdb0b7dd1ab5c12f58c7e2bc80213382a1,e7b7a3bf0a66a19d57ce43c98c19016fc121910145974cf811fdb2a7c72fd11f,5a5e953ec7f70493dd8ab837a99898e73a5ce63cfdbed8365f2671c850275d9a,c47c2e690cb8ef6ad49ebb7be7a391ed8b2aefb3bbd28616087c8c40ebb07aa7,82b2ef4e94bf90f65eb17e0dba664af2f0997a68d8b190d2c14cc881aa76d816,3,0.8867865824113615,0.39117465428993314,0.4333913903898444,False,149.27212287159404,True,0.6596751770222341,WIND_1,6.677979187464424,2076333411,1759682555,1910874098,3
mc777001-0004,MC_0004,Monte Carlo sample 4,ELEVATED,288,5,1.453940465999949,1.427647453996542,8376.053628652215,6.411453092894378,0.0007648648733243044,10,0.8785205957580666,0.0,-1.0,40.51467572896927,48.75049665410414,355006.1902174612,64114.53092894378,1997.3524633760956,0.22678130531812826,0.0,0.01997582527737136,215,224,253,145.0,6.411453092894378,012741d7213f97b508fc33f2ceebdf00899fdf327d04d0a31b821c6cb4c2bdfb,5856dcf5912234a83b93b4259dec19b2d524ecf94c0a858b72112c45155c9916,c6e81de6ebbbc87b73bc2cbd6fcbb3396ededb1796aa7f87d81ba29ab65fff9b,f68a4414beb76f6a76916eae979e4e32b0b8edb08e76c89e9070b7f32a5298ac,582d4c3c3e0687fba0420985b1c748068e7d3eb1bbf71e4ab77788f25e343dd5,ada2bcac2c383a54af2ee71315372979bace83be6490fe327b6440bba25e6e39,c3fa84e697d5912cf753ebb07ee6f17f51542af9667dbf04078eb731cb3865bd,4,1.0527749491561496,0.39773241563842854,0.6850067555488178,False,218.27466205559463,True,0.8062257298593847,WIND_1,17.89652244212009,585899763,592556358,1699392342,4
mc777001-0005,MC_0005,Monte Carlo sample 5,ELEVATED,288,4,1.4233683949996703,1.395848545005265,7025.909785912898,0.0,0.0,0,0.7819939048227897,0.0,0.6357309727781632,0.0,50.0,245136.63113953307,0.0,1518.0871607978386,0.312427931111951,0.0,0.023653510803872686,74,,,,0.0,0576a9a9aee4e26720567bfef8948d614a2c902b92d8e24b11206b32717d5117,e1295c05e8897dcc9c6cb8bf061292ff15499a56e800c7e71c7acabfc4ec21c3,96a6be124bd58da51f0200bb2135701f679f8ff334c4e5a532bd869ee5625df6,b896f3e3c79d038b942cc23fa3361eb285f555ba249e73dcf8ac148199e9d126,860a0ae63146c969f5ef5b1abd51eb32b557a384fa4357d1159c86e6197ec852,5b3135a6b6458f9d3c0340f808659a2c35f4bd40149748ec34a80b7f26bd37c0,5bbac33bd355bd3385aad15ed2b2ba3658627c2304090111a46adaa71a3e98c4,5,0.8899668505371539,0.8640616946929687,0.42543077134032337,False,112.96019652931304,True,0.3116708531994635,SOLAR_PV_1,6.101797775444725,1304425605,40936189,513892004,5
mc777001-0006,MC_0006,Monte Carlo sample 6,ELEVATED,288,5,1.4812587820001681,1.4536291480026193,8415.637988296614,12.464075265861029,0.0014788709453042133,11,0.9509522497587563,0.0,-1.0,25.82501748219038,48.70596244485029,315141.0145101657,124640.75265861029,1878.6502777525577,0.300943119159643,0.0,0.017957058142864926,73,226,250,120.0,12.464075265861029,967693b422be5b1c9d9a1f1ae8ebecf5eb5ab1bdbf309ffe713e04afe55ad13b,8bed377004974ba74f18dfdb35e30af1d993933bc2aa9904322b96e51a066651,e14f5ba9d47ffe59414633d0c109487d9e83fbab321345f14d72569631c3c63c,b605ee52e5a3ce9f5955de0dcabdd4419948bf574253b91d47f0b6bae989d35d,e340cf49ee8c01093d5d88fb2dd82eec4d5f4f85f3d6535a800fea20b9eb7d86,fac29c6ed999367582e8893a908c384e98e60eb82e7692cf1844e411009f12d7,0c7dccd008533f6c8d22e2283e1b4624bd0b223406b1da2007e5b29a5f057ff4,6,1.0557531635159243,0.4310680193314489,1.10733365931202,False,71.97801512557719,True,0.5961703451948156,SOLAR_PV_1,4.235662563987362,1935095839,306870525,1416100791,6
mc777001-0007,MC_0007,Monte Carlo sample 7,ROUTINE,288,3,1.4549524419999216,1.4295223889994304,7798.761357254415,0.0,0.0,0,0.8617835741657774,0.0,-1.5360774758320248e-15,0.0,50.0,349943.68378480757,0.0,1973.5168537960103,0.15896737614669823,0.0,0.018528301831404727,,,,,0.0,62941e937ef3cd08929ed35068883b24af24953ec3a22b750406d857a07c1ee2,21fa04165798fc9b2993c4da4fc19855555aa8504fdb7ea928f300def6590813,b7017eda837f3b04cad8d49db0c92b1794e04f0464b7990f951af1bcb2e244e5,c68e421772fd090dd601b0f56df6cfac450b448b3ca79979e7d4f09240e6bb7d,4edbcbd1888ab2aa0de447226d10f21cce2b0d887d56b61b7e4f8eae4205826f,22efd29e8277b81e15d0d5527204bb482e53f0f02136f1d7c282807393aa3cd7,2ec66271c8c51d674945c752499dd481c2aeec4539e700cac1ca9e989285404a,7,0.9835902113860184,0.5210881251959627,0.4456191686583183,False,78.24710333386079,False,0.5805114996528036,SOLAR_PV_1,17.02423431481027,848671902,863384206,449964982,7
mc777001-0008,MC_0008,Monte Carlo sample 8,ROUTINE,288,3,1.424622177999936,1.3988316390068576,7342.230241185845,0.0,0.0,0,0.7741148019741976,0.0,-1.1477754804164721e-15,0.0,50.0,339498.05597076693,0.0,1971.6523176254389,0.12272199768918265,0.0,0.021350058834266297,,,,,0.0,b1567f4f9f329c52ab17d9e36197bd223eaabd055b680f70ca4b68cc68181378,27ae78a2c5d333dd980bdcc9425c6b34a24d63e28c68e53ebe996c0a2c4539c3,a1d8d429ca9485394faabae91b42e41d186c44632a5174794a4984c5e3246af5,62104a54d4aed0f9d756c6e1dfc0f9bae225aca20f3ac9a4f337e3d1ddf3d562,bd179a2eacd9529899215bf93e578428ca1b52931eb49df8002bf18b1f4073fb,7651680d387f04075995e7df173bb16d9ef29b8b5267634f922679b1dd113856,3940c5d0c0ce47a6579b000c2d48ff93b92a7d57ac573d6a951cafbcc6fc2337,8,0.9214399552566721,0.41457185527629725,0.15382134939809763,False,234.67043403860026,False,0.7871428239954072,SOLAR_PV_1,6.935392093772185,1997675519,656968529,950841537,8
mc777001-0009,MC_0009,Monte Carlo sample 9,ROUTINE,288,3,1.4481871210000463,1.4227944080021189,8266.111839655525,0.0,0.0,0,0.9433594738375365,0.0,-7.228662119899936e-16,0.0,50.0,260136.9750778679,0.0,1524.6245067729992,0.4062165511967213,0.0,0.01845688167700886,,,,,0.0,66de92f070dd0a222be206f8a123ade37a8d8be3b3f7e1615e25b68ee608a0ae,ee1e73d91763913243e2e0e2194befcee5f350855a080fc55c0deebd9aa86afe,0a96edc4644ee8e75a741386db15f1dee026b61f9f0de5bc8c88fbf398e60a65,af895bb775fbb9e73f016ea26e930a1c9cd7a7c91e0968c7a9e52af6bc6d168c,3835ef175592a8fb5165f1b1e30997215f6f9b6c6a576210222ae8d0db9530ba,c05862cdb7b367158c0363a83880c75ca954a777c3078204501321ab368f91ec,b059ca829f4078f1901eb005615e5cf1d7b556367fe3e20a1231740adae75163,9,1.0342278163295526,0.9469243148792018,1.0938815036944323,False,191.43832264585626,False,0.34006264923670454,SOLAR_PV_1,13.901319615607989,2064414784,2039010148,1249949877,9
mc777001-0010,MC_0010,Monte Carlo sample 10,ROUTINE,288,3,1.5009462779999012,1.4736839169981977,7746.305534827916,0.0,0.0,0,0.7808267542118448,0.0,0.3582087245015375,0.0,50.0,292507.369729115,0.0,1721.4283602350647,0.2694030794740532,0.0,0.01993799993507667,,,,,0.0,2150a69b602b52349af0f9582e30d374d9f08691e48050ea273aa3fa45f0dec7,a6514ce2c08b831382fbb7356f47db008b5169ede52fb78e2f0d49614c3e451f,f57d56086744b13ad51a71dd3f897e7dba2976527a508744bfb1441f2812ec72,0f92c500cb01c6bec22a547be9cf24279771d837ecfa7f97a182b0441863b9d8,4e7a9779e7f1d7be4066bcccd0fce192c11d657e29e0554bd34d8daa6a57cb37,671cf308871d028180529072fd0a04ec5d88b2cd18b9138ef2a471143efaa6f2,1e823ba95c627ac5c710e4ff568ef7455daad9119d4b066d767eccb97eb0742e,10,0.9699634502457242,0.3396455105616399,0.9400898433839154,False,157.96433467172716,False,0.5173410120945626,SOLAR_PV_1,17.525552747797192,784848152,283903021,162515545,10
mc777001-0011,MC_0011,Monte Carlo sample 11,ELEVATED,288,5,1.4507736089999526,1.4220090010003332,8052.421279815496,2.199358317699438,0.0002730554816308741,5,0.8758698581872686,0.0,-1.0,21.377917648823967,48.87012449605685,325808.9280128849,21993.58317699438,1883.9296664544431,0.24499162774046818,0.0,0.018782477011068267,218,226,242,120.0,2.199358317699438,5370b5df4f4e26c8c2def0846988a9448ec41bf5dfe3f6472b5c323803f5116c,6c565e417fa4b644bf8385064159db9fcb6308e4eb07db1785c6f30c22b02029,afb30dcdb27ae75468da5a5d395df9db81337d8f6ca5e4595c404a67217e5476,df3892c0d7715ce9ac812a9cfc5dccb2f7c2895246d6bd8fd67e4b0c446df920,73d854c1c488f757fc939446e2c3ccd8e5b7a3f0653c3f66e3d9bcc487aaf484,2bceaa4edebc98461d728fe75f6e4f21bf19a014f307452930eb68e1b029afb9,b17291a28990a90f3d69728dceefe87f034f072297fa8c70378d0ba3c042b7ed,11,1.0156341880874666,0.6363378170394871,0.4183296767629169,False,110.16750569150749,True,0.7409113467805406,WIND_1,17.626023778041798,945883676,245843687,275001137,11
mc777001-0012,MC_0012,Monte Carlo sample 12,ELEVATED,288,4,1.4320850829999472,1.405443524004113,6766.636280893353,0.0,0.0,0,0.7951315296846069,0.0,2.331198191977206,0.0,50.0,196012.2438070879,0.0,1326.572180832645,0.4105246705704931,0.0,0.019246161387635127,110,,,,0.0,f062971facdd824060241c86110f1bdbd1eb5d378e8a4dff0d673566c30518dc,3d3956026288633ddfc5dba295d6aeb5c411a730de4062ffb7485dfe8b46346e,f1d533af3c3e423acbafced7c7b3818ac253b0f1ec3bb90d885d990b44eaf91c,65b62579d8417a0c29caf46f99c4a349ced3254d7bf842f8940af28c9ec4e9c3,a89674cdcfc16ae66dbdb23458260d5cf29c5cf9968fe9ac854bf64767a1f396,622bb83aef291581692ac74ae34fff587e8f45aa5cf23a96776514d48d0f1866,99ecf043529a3cd6fdbbdd17d2de8a23fc05d8fe8e1d9e93a6c74d72abae49fd,12,0.8519720019880334,0.626468682946603,1.1440808574504748,False,204.41704171183514,True,0.5833210272533976,SOLAR_PV_1,9.075670538659962,1681940522,1573509647,2130084471,12
mc777001-0013,MC_0013,Monte Carlo sample 13,ROUTINE,288,5,1.537645619000159,1.50972690600247,8605.120653815346,32.6616363714689,0.0037812525569873453,20,0.9613119875280344,0.0,-1.0,21.77556196267161,48.46718097544937,361939.7435030793,326616.36371468904,2013.4207818777356,0.23586708743409526,0.0,0.02021470276617012,,0,1,5.0,1.1718758650410994,491a36b6d01621ee236f98bb8509f4a76fa8d60fab472c3c70e8bede7ee3e132,44f72d4bc9aadaed34c003fd1f4c508ea461b71781dc3b39d6d7a87fe7dee279,e7bbb50a8c126635d00c481b59968a50fda20ed5fbe559a74c976e32b5fcb07d,c45990506aba93200ba5af4d05e585e95820bbafc27a2e3f29b018de005d0822,372e562d706b2fa8b8eec9e58ebe284a15bcce956954b590c07ec0acbe816c12,bac252e4e52a0d30bffad69e42fb189cfcb93d8b92b98cf277c08a6f8e0517d5,0e233a94e0ab2f887e08e119a1c97a88c5fc8329f2690164376639ea4bc93fcb,13,1.084647796347694,0.9332042019497881,0.5306984148345633,False,73.27198812699677,False,0.3373497911911643,WIND_1,13.585557506277288,429490,1811794139,490791919,13
mc777001-0014,MC_0014,Monte Carlo sample 14,ROUTINE,288,3,1.4525438780001423,1.4251799180101443,6949.389132578159,0.0,0.0,0,0.7111162358921939,0.0,0.363824690041144,0.0,50.0,296196.92976646696,0.0,1789.2175474375786,0.1719933349442368,0.0,0.021761930978735963,,,,,0.0,c007b132874abe4aca65aa491a39e1769a64dbffd4c477f770122e1f21d798ca,ccef2c644603364bbb2e56968c8d1903300f6b2f4be01f67778d300472087baa,df9ff2f53d47f271e202f34014d77bd71a72ae4aeb3bd04120aef988ff11f8a1,fe3ddda8e79c2f53fdc6206dcc5d6ff85e7d91a1a2cdd94f449f982e58dcf892,ca5e65f1c28d432ffc9bdcceaba4e2d11d1f3b7f80ed711d927ac6829d7a9c4f,9f4acd497e7c5d7faae9a786103e596dc6324ab8671b006f71c507b55edf3a49,2e0e357e40af64c19cbf6cb983edfb705010df1a3b13503ea19a263082f8526b,14,0.8783781180763024,0.7188522265397049,0.21136391328406043,False,150.71380754777624,False,0.7962965813529037,SOLAR_PV_1,15.922222350862762,632490175,832424828,86121203,14
mc777001-0015,MC_0015,Monte Carlo sample 15,ROUTINE,288,5,1.5007177479997154,1.474447168997358,8790.616912681995,8.226542506956655,0.0009349572530586627,7,0.8935480894888966,0.0,-1.0,36.95325042368396,48.703781847441746,381661.0827044579,82265.42506956654,2035.501630468311,0.214210798606353,0.0,0.01927297389972509,,0,1,5.0,0.4143377781111231,41516fed46ff8404d3e804c3710423f7d2af53aa03c0d010475648cf1bebe1c4,b823249dfd202ffad2e41dd1e615a35e81e7e3f0765a41da2357402fd10f47a4,55487e73fc6af4bdbc8feba5106062c61e5c7fbedb5c0dbcf89f61dfa3c62587,11b7293d3e8f7ca7ed4f5ec73206e436796b2d82e2060fcd444cf100cc518c88,078d107054466c0b35e424a60e2614845604c1ab9f28e1404eb08e5ccc2f18ef,0307084f70e6068eaed1e3f07f55b06730d7e640418434d5d46ab567897a46c1,74999ae6c71d7a912fe53a0d42df48551d42f661b9e1da901f0b26041d3b0b71,15,1.1051079818455714,0.4757721489986013,0.8213149996010708,False,163.3865682813443,False,0.5784078337648735,WIND_1,19.60745933207984,1947618891,91438999,1289434957,15
mc777001-0016,MC_0016,Monte Carlo sample 16,ROUTINE,288,5,1.4628299609998976,1.4365922690030857,9658.9320985403,113.95677034411744,0.011660499968125158,31,1.0,0.0,-1.0,32.53835366622192,47.7063323272231,355279.73127032054,1139567.7034411745,1994.931572714279,0.33813371042061313,0.0,0.01731626533357068,,0,1,5.0,2.1515539910622126,3b1b9d98b3b90f2bd8dc92efcb8cca9acc96ea82923f1f2ff1515e037c3da670,f573ca2c93b00ca7ccbc60273de6c2560a7885cd29fa7f06835f158a3a449560,54b005e1d7e3fb446c2062be14346b3f03b86bd27e024546dcb73357ec2a1b85,9b28c6406d0eb994df4d39c8759f699c3021bca7b2d1188fc5e85c9e36b21683,3a828b39f249a5abd31c77f2b6330b6c84535c90608470473b1d93d76a417adf,9783a7af4ec872556fafb9c1c2c7586d97e20e3c19a65b35707d91b92bf759b3,99f730ce069213c184d35841bdf5ebf66d1064f063385371eee5ef45d72f13d6,16,1.2255028032769208,0.8271554459660386,1.1154419022948607,False,221.00909827281365,False,0.3245074445551899,WIND_1,16.45247890803045,1959052306,933175520,373168730,16
mc777001-0017,MC_0017,Monte Carlo sample 17,ELEVATED,288,4,1.4372428820001915,1.4109521889954522,7538.380516587833,0.0,0.0,0,0.7922233125660053,0.0,-1.7471051786074317e-15,0.0,50.0,344472.16239830205,0.0,1938.6408692342393,0.14468023564186175,0.0,0.02005745498270307,75,,,,0.0,e904dde38d5b0e1c589ecf45fa3dc56b317cf2858c10d9b6cbc3a1547e47a37c,fe737f744088ddfafb820e7b91664e9a6651cd89394f7315f3eaa1e21de6d195,96ab761f3858808a9454af67c4ad83f18e5d0f7c8aac0ba6dae65730f971862a,a09987f2dbb1a1d808f9a2b06ca6a754912ee5ec0b0959a476fea05196858fc3,8bf9aa21e3c1f902637d1aa3b9a7a68f26f70f3de3b57fcd9936e4bc285c6603,76ca5c5489cba0781ce48a7252083c644aab77ccb5220f5733214fb5953cc31d,a19450f07a24f177aad34eab10c56641ad8004c834b4948fb53435809376b724,17,0.9403222233284104,0.41615354675886873,0.3171994280227362,False,60.93503103700036,True,0.6819018952381857,WIND_1,6.235528904257298,901991900,747741649,1506421023,17
mc777001-0018,MC_0018,Monte Carlo sample 18,ROUTINE,288,3,1.433168214000034,1.4071441170062826,7879.387292658711,0.0,0.0,0,0.874387878069929,0.0,-5.906983107258739e-16,0.0,50.0,255769.4205017598,0.0,1553.9393074346278,0.37706517824196734,0.0,0.018313343878463013,,,,,0.0,7d19025c1ad543ebbe4628fb963addb9456dfe8d7a40cf0499547d1504988706,923c5c49247b88ea5667fe13a6ab157e08ba11e8ac28cb093bf64c3abe484b05,26520276d3a73ee9bd2034399e524e366f7c2228158078168d59e2a9293a9679,4219c6b9711a379b8524d2eefdd5b61179fb51cb95334d5074c6bc825e951959,9aa9d520095a735553d5127beaa91c474c319406d5f76fcbde65f52de0dc8efb,596aa8664d27485385da872c9f1b8f6f068c1c8741b29b2f9be2807cda7f3327,24861593a99631ac05957cd18a345c67fe03d2f4587aa4dffefdcbe0380c225c,18,0.9888667781417215,0.8557311991143193,0.9884208407544864,False,161.28083041559722,False,0.47549070838223617,SOLAR_PV_1,14.18549482641919,1847656522,1333049136,687869759,18
mc777001-0019,MC_0019,Monte Carlo sample 19,ROUTINE,288,5,1.4716245500003424,1.4444814960024814,8787.902316357819,36.45211956482559,0.00413085397119073,22,1.0,0.0,-1.0,19.45772868729197,48.33826298963452,362220.7294892594,364521.1956482559,2074.434018760206,0.244433562226813,0.0,0.02083223316917946,,0,1,5.0,0.38539895188646034,c06660e71a3efe1a6db6460c2757c692d295711b783ea053c35ff7ffcc3a49fc,90f5f27d49562226e06b3190c209c69e29555e60184d49ffb19c902faaa9d863,a7a930faea92b4b566e7734d62d929e6625f3d76c4e73213d40f59e2703e010e,5770999475788d3388564b3db1db6a63eed368b68e8d02ab5fb4161025844f52,b3706a77b0ac0c947eed74250f01083cf054224ef57faa568dc0214b38869ac6,f41c112b3024687f09aa8e95de8914f8fb39e5fcc12a6a4c96e7cec1fad8c1da,e95d2ac3870b0d255cea1595f4a98e07955776ae7cb132b588d372098471a0f5,19,1.1163353929281254,0.259710426864226,0.8923878549914668,False,220.69223176635526,False,0.7888129610571811,WIND_1,17.81948117221725,2136423831,2118560864,1755777477,19
mc777001-0020,MC_0020,Monte Carlo sample 20,ROUTINE,288,3,1.4019219140000132,1.3761188179946657,8125.417859021736,0.0,0.0,0,0.7921276111155197,0.0,-9.675382111988955e-16,0.0,50.0,301238.9474700091,0.0,1795.4383793880306,0.2929618901313308,0.0,0.018684271977557298,,,,,0.0,759d6b130ba1b105f49964fc9041e3e0e0b6ef4d54ea626d35bc690b90dd8abd,1ff18f593b5ff8925aea1139afafd9f74f426e607ab0d2afee2ae126a6aa23b0,016b2c9e7fd4bc6c2e4b48be873f90f83ef5205f0a62045e9562cbc5668d1a9f,f6b0a1282cf97df39394259fcb3f88876958448be3ac174b648a37cbe80d03d4,8294635842d0c6f1a4983a9587291a7738101aeedaff474a38c664011e726b88,d8087e0c738f020faf678265b12dbdc86599457e34feff0bee2659b9cb40f28d,f20caeb667d1e8973ec61b26d59add069657a38b43ea0ec36a085a475285b6c2,20,1.02125570210406,0.5436845015117593,0.7643002922100378,False,231.1198374667663,False,0.7279175182095989,WIND_1,10.026661226618849,1360146673,1236000658,734211510,20
mc777001-0021,MC_0021,Monte Carlo sample 21,ROUTINE,288,3,1.4422764430000825,1.4163682140019773,7675.92826170148,0.0,0.0,0,0.8348774188521593,0.0,-1.3142987965759864e-15,0.0,50.0,348000.3752313156,0.0,1934.0079781780867,0.1574849599299695,0.0,0.01869013365152462,,,,,0.0,6152b52f00415164c783e4ca537dc22551b264c8e629cac8da27505e0b5390b8,3384eee5896bb73684ff9432a3e52724ca7070e99a5dc99841c4748f81fd7b1a,1658ebf3fb837781fd99fd51182204717a4fa32adb93f05b6d3682a9c4393f05,398f9fafd4235ee019920d17000f5deaec3793961e0ce8f8776e4f1c80eeda7c,099935e5611fad9a978b8015f7633dd0c06eb07fc05bfd9d5e53119053c7726b,21848c8ccedf87e8f514d4ab35062830dcdb58f08929b7fe5158f9a4223f3603,4ea116344f54ad888ab0bd257f96f68be4f1bcfb6485facc03941ef10de67b7a,21,0.9650919605272188,0.6045780265864545,0.3079931272732552,False,81.75673558113988,False,0.6055358713681083,WIND_1,5.6753273906071176,2064175236,992776300,1868066674,21
mc777001-0022,MC_0022,Monte Carlo sample 22,ELEVATED,288,6,1.4475938919999862,1.420745112998702,8348.691104670823,4.558589918181785,0.0005457265237904607,5,0.9642544851086285,0.0,-1.0,27.5405181763487,48.78479123403686,363731.9458205679,45585.899181817855,1996.0523337251293,0.2044896928663099,0.0,0.018318558117732687,136,222,242,100.0,3.9440226258171993,eff44b4ca20f37de4c6941bf9e916d3e7c18f45abf7de775b17f4bbb5261f0d8,e551c091636041bd25852602000bf3b65f4fc8951c646202bda263e73c385383,a911ae9ee6d3e77703260db22ddb20a04cfe9931a1a99fbbb96a7f768794c9d1,73d9d2aaca28f983c38bfe608d7f475edfd693f537bd2927759857f48253fa70,3f928d2f81dc8db2f16147dac982d78f7e3f4682eaae032a2cf9bc79d7a3921a,580010d5f9bdaf498e777d4ebaf851529aa7bd26b9636bcbaa5cf7e986914525,ed640528bc6a8b2e1741dc15140c9170a01df2fcdc689aba408d5ef7486de584,22,1.050262625883624,0.5704458819711153,0.4606727628648932,False,110.47965369282463,True,0.3668927255165084,SOLAR_PV_1,11.28656718828092,1684644551,387138981,1085410479,22
mc777001-0023,MC_0023,Monte Carlo sample 23,SENSITIVE,288,6,1.474481059000027,1.4474484999959714,7988.042059304067,546.1148850298066,0.06399166181170261,30,0.9454873679736057,0.0,-1.0,8.575067816899839,41.02480987644451,361359.66909459233,5461148.850298066,1946.2902559825604,0.1878276956916186,0.0,0.020664429624306944,217,219,250,155.0,545.3742707892882,82ca5159ebea6c5043b419208fe12e3afcc1ab369f5bab6e02670da04a458602,e8bf8221a02edcdc6af46bc0ee2440544c34a0a3da763d967e06d5ed17f1fc70,7e1bbc58a6533cf27d2360fee763d2084f3f3aee38f73180866eae3b4a2f5f8c,94a4b228e9ac4b16647c5128cb8ad3db8b8de0f3fab276bf0acafca8dd561462,b4ec44faa5e24f7498b8fbcd62e69c9ee3510d6ada2bc16828ae5d842189ef13,27cea9e1821976815e63bd56cd576a91f7376d422c3af1696b4aa7e0fec02a0a,462a9d2f4284c478580639c8361d35b5eb0943793b3e1e20307db5ad9b5a6054,23,1.0681706620051228,0.3043173560132697,0.5346747780045661,True,128.61312616602896,True,0.8667133404919503,WIND_1,18.034654405065933,615622288,2086035976,441466887,23
mc777001-0024,MC_0024,Monte Carlo sample 24,ROUTINE,288,3,1.4037840850000975,1.3782271470004162,7799.11162059112,0.0,0.0,0,0.8383685914642595,0.0,-7.170707308799525e-16,0.0,50.0,268748.3255997196,0.0,1609.018637226982,0.3431899586128897,0.0,0.018075507044744404,,,,,0.0,b925ba262096d4209c21c493dd6b53e320d6d13a74089ff21a17174c21532a41,a7d81ed821d9d4d1734ae3194a3a1d08e99f193f9bfccd5df51ebf918773f0d4,b8048ce7acb14dbf165fd8e2ccc7f2db95bd865432cf36334622114669582db7,b8afb33348697ef3f99666a9e35bafbf6eea74d18efe17bed58a5bb1588a6add,142efde7f0c03228e10f515ea8613dd9c6c2d1e95361eafd27c3b97ddf2e209c,26267e422acb7835868e09f6ff1e13ce8005bc7e367027352763a7920a2bf227,14ff90b28b64dd9c6d153e90555ae48dec8437c9897ea0a762003c9979db0465,24,0.9805093582183569,0.5346028556175697,1.0645299356287468,False,179.02871602918307,False,0.5382550060274351,WIND_1,14.66211768432518,1417735574,1349101012,824959818,24
mc777001-0025,MC_0025,Monte Carlo sample 25,ELEVATED,288,4,1.4183475089998865,1.3919918269989466,7115.146424236101,0.0,0.0,0,0.7500844093421352,0.0,0.502400620366917,0.0,50.0,247699.00975020812,0.0,1500.722225724883,0.3194447904287258,0.0,0.01820346237282613,239,,,,0.0,a3c94fba73772db6a3111d5a9dac2d8dff621d409542843a33f1397b3c52bd01,b5a0986856df02d2a792c1e18aefd7fe2f0d5426938c5f20222b8bb93cd53341,e15b0a66a875cb8f2ff00c512904e60a30efe3f14f2fd1bb71a2c30f86b17d83,c6ffbcaefa61378a45e721b7945998ff9ab6c7ded14155e0edcb93cc0e8b3639,06aa3a25683ca558f0fd199cf67e587a84bfbe836f1e1b41581f93e076d40e96,2243a78ebeb8fdb45b57b5b80cc8501e7c13b27186df68661821f781968da10c,acea1eec60584c691502514dba629b789c973aa5b71a9a7cb3db0b4a41902c0a,25,0.8901975521862038,0.35251189608719874,1.1163106724203515,False,64.14103499730061,True,0.7258193344446157,WIND_1,19.866893335987385,2143574708,115401662,1223629396,25
mc777001-0026,MC_0026,Monte Carlo sample 26,SENSITIVE,288,6,1.4291819850000138,1.4025373449994731,7556.399675405656,396.686873349177,0.049878354889936895,37,0.9674724212451882,0.0,-1.0,12.767624839144876,42.63709187639557,315945.96897193993,3966868.73349177,1730.5310186747104,0.25148595351667163,0.0,0.0269916373038474,202,202,245,215.0,396.593715532293,445267acf4bcd2b351bca0be55bf84facc2119939b95578fff760b37c07f6f04,d63f6566a6e9c1edfdbc43132a156598e129152d7e3b787f0d2d6a51d30f9650,8f8c9c433d7902caf67869b0ce5281ccaf47d17b4907827605a70fd1d78f624d,b5e2fbbc6645a7ef73761873315f217ee6c27abf5f745445a7294003e840b0d9,92c5f325b2033f03db19cadec53b042061ea36ccd64b791fb11605d6b783bacd,78c2c3ff0c4e0f1e51f1e82f0f2dcffbce27e0d2ba72af43cc7dd2ed7bc01887,82602f2473a05742c951f132e20339426fbeb6876747b6eddee7abd601d15ce3,26,1.0037219265667006,0.9162062275458293,0.3126548718154753,True,168.05878287429357,False,0.8103858982620191,SOLAR_PV_1,16.54859668884638,1709373445,614924396,1578308019,26
mc777001-0027,MC_0027,Monte Carlo sample 27,ROUTINE,288,3,1.4442291899999873,1.410961395999493,7619.699492816457,0.0,0.0,0,0.8153123055592902,0.0,-1.836631971752157e-16,0.0,50.0,241370.72105281235,0.0,1447.114840489304,0.38485731718038474,0.0,0.018278163436054068,,,,,0.0,ed39e9448e7d8d53f93608b5f55b3f78f40475c676088106e215a44f7fc6e487,e379d4b5a174ec69b45b37c7d9fdda6f48c26b7cf8f27c6aa4b1c01003da6555,0b3b4983e4ef651107ad69cd66021c2cb7393fbe33d664e0c4d7c5cee6c5d1b8,9c55d4d439f68d7b55bbc3ecc87bfe1aa85233e1fd79ffd812a3e2f49586b54d,317a8138bca794a2ea2b788ebd41514a801e484440acc1b0b3bb99ebea26d17d,f2e56f3f745aac051f88c3dc9ed024c1d2f4543ce2fb16fe25fd8c3a5e86d038,bd1d3882f52cc8062910536245cee3ea277715b7acf70bcb7c17efe32a529e47,27,0.9634332576335922,0.7489442469531842,0.9001751918466845,False,165.60532194014138,False,0.41927504692796513,SOLAR_PV_1,9.60167639326486,352124934,1817368803,1815876583,27
mc777001-0028,MC_0028,Monte Carlo sample 28,ELEVATED,288,6,1.4547912020002514,1.4281516929954705,8557.09020835004,26.24043730669862,0.0030571392842679984,18,0.9383705125055155,0.0,-1.0,42.07288572712358,48.71395328760446,392511.52600767696,262404.3730669862,2107.4775072808616,0.17981831918973995,0.0,0.020638995021296434,127,223,260,185.0,24.832466142845757,40264c903d589a5f5297264cf937dc7647c5656731d621414533476540673d76,c7c844cb52a355ff5006b798b2e8d7d0eb83936d6fc768d6ea165372069df622,96d0d0f6e482c9d75ca9af344cf0c1eac06d4256359b48a9eed9675fd96324a6,e56fa992500223ab8ad18f5361bdb92ae90a0446f0dc8b4779d58b2a814b2f8b,dbb16e4feaa380befb496f7503292aaddd668ee9e978856b1923bff47d64d412,d3c99beb73d74f9b1551af1f9f0e6ab7356130914f97289c3a81f7aeeb16e925,18c966e00626340e13b259b4b336318fd1555114a61d3488e2535e1006567b6b,28,1.0756721494763177,0.7495205082688281,0.4252032277572255,False,198.1822419400568,True,0.5776016601886702,SOLAR_PV_1,10.553643029930212,823060234,1946234156,267485103,28
mc777001-0029,MC_0029,Monte Carlo sample 29,ROUTINE,288,5,1.501767956999629,1.473242517999097,9029.400625345897,54.65092773004346,0.00601614020029842,39,0.9998603597903286,0.0,-1.0,26.085311856624976,48.49668050269142,420026.28771981434,546509.2773004347,2158.095312266598,0.17636293583319618,0.0,0.016385381077833387,,0,1,5.0,2.175520229472326,36a1ebd7cfb4eaafcc2368f336d9f75dd22d3b205c88153249512e0a76b9b922,f021c965d4af6d1c1ddc3c33382f455e085b121b1ebd249c0e2d0b19da268d73,9e59704922cedfe69f172a370d1163fc47294b294c50422e0d6b4f428cb2120d,659810963eb69f68e4010ca8d8e4bc4b5ed0e88596f371a6f76dcf65976027f1,0e52edf47bd988a19b29f71694ced451f80fe15542400d84e3296c092c09cef3,759b16239bc68d6098e0ce9cb24c48606a1d02b0b6dbc2ef94d0acf724c439f4,b6acdf17e42b6d6b034cef74a085c4added739d7d527f410b756d1f2c58a1586,29,1.1495329308617774,0.2505978322125267,0.6738093677077248,False,65.86433507001908,False,0.6426823865612726,SOLAR_PV_1,13.962295907779808,1940601855,1776660864,681674108,29
mc777001-0030,MC_0030,Monte Carlo sample 30,SENSITIVE,288,5,1.439005427000211,1.41299718299706,8037.187617468344,77.83193983210049,0.009591097012462678,27,0.8177405704540189,0.0,-1.0,48.54866264667928,47.473984082454095,320189.12560067914,778319.3983210049,1647.4290039037462,0.3023321533187434,0.0,0.02265774374525662,65,71,113,215.0,77.83193983210049,f65f46248ab224a900696c3507b7897530842c65ec33607e246ffa136551cdf1,38cf413fc0b95b2d801e20ad00208c7f059b2d05d4c1a08ac70abdcf2598dcdd,433998d9c87450a661feff8f5069256979ecaa4a4d3c70b85cb30f55c7807254,ebc795b69d172c8a652a2eee16b36d091279d9acdcdbb86fca64fed877efc2c0,e22726ba03ee6c5c512b35ae76555de99eabce4a4c3de80dfaee28674087c061,310808ad65296673f0edf90594ef8ec6438bd9a98cf7d266d74d2446bc13a420,d2a5e39601a0f0f5735be19de13dac5b76d5dcf729d598e75028d0448ca0216f,30,1.014540248598264,0.6803125360443563,0.7792717425149501,True,234.51279071334758,False,0.4022559596228243,SOLAR_PV_1,5.16506305551121,2002465563,1762764673,960452921,30
mc777001-0031,MC_0031,Monte Carlo sample 31,ROUTINE,288,4,1.469336638999721,1.442861523999909,7498.544131577246,0.0,0.0,0,0.9614477029383621,0.0,1.0613843466137876,0.0,50.0,214852.51795951766,0.0,1277.5861867761012,0.44538777177053035,0.0,0.03071928594504607,,,145,5.0,0.0,204d8ad32396af6abab41f7f1adc90aefad01983a1be931c36c5921a1fc9c1a6,f6cdeab048fabeecee5fc795621dc10f2c630c31090aeb4e68c1ee97e14d6eb6,746c79ce53b80acfc51378e21913ff9e05d3f3614877e739f9cb39ebf66d748a,d1dbd59d95c79526fcb12889fc0b6dfe0b173df8bbbaa4a85caf44aecddf9b04,c5d14703d6e9c4367d60e4a8c6b246a82fe46698a57e8cf956a0200baa612224,ee575204b389355914053200b73593659c1930dd05423d8d6cf310545998f283,343523213db6d72de806f1072f8a80284e6f59b94b14a9959516d963cd45b9d5,31,0.9451745085460259,0.9312936778349321,1.137990094640596,False,195.48965925878068,False,0.6876583366309907,SOLAR_PV_1,17.090055157425844,1136383323,582729825,1713972726,31
mc777001-0032,MC_0032,Monte Carlo sample 32,ROUTINE,288,5,1.447213990000364,1.418843561999438,8647.388946844152,25.686749996835925,0.0029616656068379367,13,0.9468745112820386,0.0,-1.0,36.767487499346146,48.415893321970906,335356.8542548909,256867.49996835925,1934.3244044372839,0.2849281076790669,0.0,0.02100926430060935,,0,1,5.0,0.21417048424246113,acfc2f192d25d4e606584e9c47a39a59354c89f6360e59232547c02d3dc521e0,f1f86752b0c93a10e8eef7412080b2ce2d6315b71bd26d070a44f86f5d89561b,9557f70c0f747ef45a6ced502c0167157b141f2ebe4acffc5c9122dd11f76e34,a097a5cc4945ae71917b7d96a7e345fdc3b37ace927e0ce76d98e7a4a208e66f,2cbdfd9b58bb1f25d6862926d743f4bf6b81139c39d706b2d458223dabcd5e84,7852dd3b15680674fb6efa03ca78e05d482338c7dccd5de30954cc02d44fea8d,8451498f2e42ed8c44cca882f14419032e50cfb4698f352f24fdeae26de68057,32,1.0918885049300777,0.9599549029834156,0.7911725058852441,False,235.67790375088984,False,0.7679284726411775,WIND_1,20.97819485641108,1345656150,563996830,268466133,32
mc777001-0033,MC_0033,Monte Carlo sample 33,SENSITIVE,288,7,1.505154797999694,1.4749114469982487,8343.703932532446,1.728929153618152,0.00020717069830561777,2,0.8646816720109566,0.0,-0.9999999999999991,19.949616049202827,48.84249694860734,392683.36698340264,17289.291536181518,1959.7166366513916,0.17831481226847162,0.0,0.02398257342893187,141,238,142,5.0,0.0,0b64597547a439a19f4a3ae08d8648cf791a9632008591e97470f76ede8e5d1c,6a967d401bb6eca56deec06cc8fbc800f8a3761c7d0687722ed17a803267ca45,c71db4f98278dfcbdaf91bed0fe7c21a728a4fbfab806c35e8b40da090f68161,dc926f3a75a61bc6199a8387bf86f4cde523c5e8d4f5b60fda9d3d583c486861,8558c6851319ed43845b2dbcb33031423f403a579294d921ad981333046abae7,38b2960e07602509536932068d54e4ed534f8b648c7bed8c5b9a8eb06b45b006,38879c01b8499ab07259275ea225aca6f9ddbee79d2bc26c645542a0ad32b885,33,1.0431606709899521,0.4590168990688677,0.2558152411783791,True,133.81808226563183,False,0.7417959192989703,WIND_1,11.459295316667294,94851295,1205839888,2022082681,33
mc777001-0034,MC_0034,Monte Carlo sample 34,ELEVATED,288,4,1.4894567630003621,1.4627000459986448,7532.929379706698,0.0,0.0,0,0.7635410237651864,0.0,-7.929665229315975e-16,0.0,50.0,305971.36742381024,0.0,1770.0816303096155,0.22920911811967246,0.0,0.020086988955721998,82,,,,0.0,c65315048f100fc7e6cf84ebd47fdc5ca78798294af0efb0ebd44d4bcb827f2a,e6d072a02676cce038b0b1e248736b8fc80b57a4fcf8c21c0c5b8e4d385ee993,5cfdab1605957e64102ef5e8008fdbf4c4df4c8df4af17e7438cbedd11c8a801,0895d379573a37a4ee4a6b2325377be2cc4cb10b1cf7953d10a0cae8ccfc4c5c,290853715979380a8fcc8de9e6a8e32675f8d4237cdd7b450209dd4392a75c97,6650d1a8e7fe16b018cb14ad2530ba095032ce7e300299640f8e6f1fe30f9903,d87951c8967677937db968d19aed8217f647e0e4ea22185e4286322c8bd6254f,34,0.9473623534132076,0.8040901811418846,0.20526733091777946,False,69.64975604305604,True,0.40750871865076566,WIND_1,6.798467849789743,239144755,717815647,782533125,34
mc777001-0035,MC_0035,Monte Carlo sample 35,ELEVATED,288,4,1.4645817430000534,1.4377085500009343,6599.528946871036,0.0,0.0,0,0.6686971348961929,0.0,2.179019152624849,0.0,50.0,232980.12788377286,0.0,1532.1774387374953,0.28584494558783113,0.0,0.020352954322186662,148,,,,0.0,987f035884452a5836707940cb527edc99d4894f757493a03cf6f6dc7a4d55ee,91a44e55a79f917a7d95e89be819e85a32cb7c21f120fe2ce39fbd952aefb901,bab0900a8fc2a69d5ed1fe9e22eb6f77063708d1c390dcd701148bbac96d1d64,d613b6606707e30b253d1eee4def723a5d1ac63c245e41e4c0931f89ed52607a,0fd03d427d76ceb7ccb1ed7067e5e3743c5679fa7cb3ea478227bd8260bf0d82,078c936a5c4c66b2fe02e2ccec4899419d848f7e9a3386a501d4fb34486eca3f,e358f9535802e25f3d0f6491ba81190210401f3b001188e9a04f73d4bb055e74,35,0.8290360505272224,0.7370872933087276,0.43767879965141765,False,103.84100208964378,True,0.4873607004503542,SOLAR_PV_1,12.278684361451177,2138083018,60327504,2069256733,35
mc777001-0036,MC_0036,Monte Carlo sample 36,SENSITIVE,288,7,1.4424889130000338,1.4149511819928193,8482.958708915905,13.575952841382085,0.001597822333672944,11,0.8809075782626032,0.0,-0.9999999999999991,23.229251273965463,48.898443873099346,365055.79394914594,135759.52841382084,1848.0685667580553,0.23888999438508893,0.0,0.023971611015128434,131,227,138,5.0,0.0,0cd141ff322536d9ebe5d3eccbe6fcbb2f753045b53e3a178fc5e448b9e0e8a8,dfd68b44e427dbf7b9e81f19bbbc8d01d2b5fbc835c3650d0fe5fa628affd98d,1a66ce0b03e705c96f794b5221f8311a02c75fad3605ad36e13f37e6caf3ad9f,f64378e09cb120642edf66740067454b9c48f59817bb7834305ea884802824ba,3a64a0c5a938a1db7828f8c534b373e2ad8e6dea4de6647f58ebbf13e0da70ba,b7a87004106b2b7b1f541c80ed1aff4b19959b0c3fae9cef84e2c182cf2629e8,8552be477eff19c83a96c3db6697598883efa7cdaf023beae6959dbdc103a93e,36,1.0742859852879116,0.8636171293099132,0.5342483799617738,True,186.20562236498841,False,0.5220617755132995,WIND_1,10.609924716390289,267161947,1022722354,947439799,36
mc777001-0037,MC_0037,Monte Carlo sample 37,ROUTINE,288,5,1.4902865060003023,1.4631632940049712,9118.79159358503,2.605069014470518,0.0002855997947279382,1,0.8212125009298266,0.0,-0.054111951168720314,0.6704910262048873,48.957972394211794,359416.6646820474,26050.69014470518,1972.876855829311,0.2821835150483305,0.0,0.01803175462789109,,0,1,5.0,2.605069014470518,98578f68b92d7413bd07cce5d8d2a1029a12a267298d925283c71f49e39c38dc,9d20da8c9c396bb6df57e036ef9e5df2bf4d586bde0d55030a8950ba923169c6,cecac6fe716c1a62583ebc6a775de03fc28377fa66a820ec99a2de37ce444a39,7f3378a4d92e0a043d90ec32c095757fbfd3988f686cc5ddaff21b9417849908,dbf9e6866286de3a3b613376f49dbffc47ad41138d21411cafd6de846c808f4b,478f440a7fc474699781047dc57b78957f7fc6ce74515890a889ee8c109e624b,0c9f9fd49b569a31a3254767b2f35fb5f758ee46fb9e946a2258c9c5c487277d,37,1.1415979308034097,0.8975622320273993,0.5300707518087572,False,172.33775081230974,False,0.879097226046013,SOLAR_PV_1,4.432863463148462,1176180353,483954816,780754608,37
mc777001-0038,MC_0038,Monte Carlo sample 38,ELEVATED,288,4,1.4238947230001031,1.3961356069999056,6874.231948585821,0.0,0.0,0,0.6398921246575215,0.0,1.1227044160048298,0.0,50.0,275329.9484658437,0.0,1795.8229568798536,0.19431696896330466,0.0,0.018912390973969167,135,,,,0.0,6916c0b2851e81c9764ceb9b9a749e0832e745934580b9315174082ea5e6a0d1,2814a4b058db5c106b936af32442ebcef34b267bb8114fa0e32ee37ecf8935a2,81d9d00204fa1a81884274c41350a9fe33abd96f0437abffab9fc1bd3ecbe225,ed9fef7bbf2eb5c95abdf1df120528e7758e862d89994abbce72fbbf9765bfbc,93f8ec8f3d5229bc9476361dcd7534df5b4ff5743b58c46a2a5cb64a4dbd07db,078a303a3e49a36838b268b51b946aa526130684af7c744b1755e3283eeec2bc,02be5f77678df7f34900c5b35349e54ec0f8794d86480565e121979d0e880df5,38,0.8597187730984875,0.36713346031188776,0.4710740915207835,False,102.28643526999166,True,0.5417028919676423,WIND_1,11.169033353463686,105780208,1653487405,715792088,38
mc777001-0039,MC_0039,Monte Carlo sample 39,SENSITIVE,288,6,1.4605417110001326,1.433915573999002,8675.683582301092,608.5883133290298,0.06555046213322095,35,0.9493779593304427,0.0,-1.0,11.61341011119155,40.1688822172308,361293.8290049571,6085883.133290298,1860.6141590943778,0.27086129196930075,0.0,0.01880748985662831,224,223,255,160.0,599.4296711902591,8c169e78c2134f4f897525a625f949d787277cf33c978247c307d60eace18ea0,0f4334b82056f9d36d384ea00a12bc42e80af71da06cfc23eda668135ebc77a1,80a541dfea39f0848d9060182e9d66bbccb2198765b99294590d1eeaebfcc6db,06a85b969eca5f53234989aa20385f202904f9157edd80288ee281fb5f0c7da9,ee2bf53ecf0bbc1a7088da80571310483fe6aa83fffcda9df029091381c2f27b,e0e1e1e270968cac04c659e1e1f6ccc74b3ff45291af047432de861371293536,e1392e2134f15d20f82d46eb6e7e7946335903381866923524739ef131be9d83,39,1.1627602016710306,0.8477493451969437,0.569761386270607,True,130.6682323145704,False,0.6437940902811083,SOLAR_PV_1,18.34703855483349,1509880871,826141057,1388352211,39
mc777001-0040,MC_0040,Monte Carlo sample 40,SENSITIVE,288,5,1.4235317400002714,1.3972378959965681,7334.244889277772,47.32767486152794,0.006411597860793556,21,0.9435891396024629,0.0,-1.0,38.50578888309769,47.400676343249835,227121.1319007292,473276.7486152794,1301.618391601729,0.42851355978885575,0.0,0.02184755614331198,195,199,226,140.0,47.32767486152794,d7efbf3ae6320a396d97216ae10c5711341e95ed6f716bdca0323add3b433891,ef7a3402564f5c515a4177f6f0024715b204b9cc347e75ce3942dddd1c84b783,197e37ef192632807f6b0f259eca71e570f87066aa7811c4302839f8835051d9,875f1eb81486e8205fe8ce74fda3f4134c6932409dd70cdbdcb11b0238dc598d,48196afeca83f156938d369f10fbccbed9946d05dc7eb09cbd1f0d468a4ba93d,2367d44a95573e3ec66641d92c5a9264777d54ccd819bf22815b53acfe89f190,44fdcfc8e39692c97de00fb89786407a91479278e222fc5c19b042d7dffc3005,40,0.9242603267860495,0.7883319360722626,0.9747008187118739,True,133.9681720609093,True,0.8353608667993122,SOLAR_PV_1,16.1937404203967,772574594,236252619,1429981299,40
mc777001-0041,MC_0041,Monte Carlo sample 41,ROUTINE,288,4,1.472946447999675,1.4452191939967634,8290.47762925138,0.0,0.0,0,0.8756422064229931,0.0,-0.10679379427999175,1.857481409483966,49.87410200125573,336282.3968707892,0.0,1882.3808152913764,0.25514319961564424,0.0,0.0198392110083477,,,246,90.0,0.0,34e290fe41d268ad54b91a7999a6f40c8e1dabca83476940ba2bfc2328bfeca6,9e42b49c8c9fe628f8fdf350a719c0e2671be9ef7cccf47e14364e09d9de7849,b8a79f4849aaee3e2c2f9548e8e5c7b40abed6627660c037868eb17fdb52ee6b,d981a51391f2de4cf3b8da8ccdea4ee3c1c23265d7c64c71387dd1e489e6f172,bace1d5a01e54b94918017bec7d8361e693b5f3788c71d37655a5b728d047c40,e82d3c32793f328d4c5d7f0540f545d2cd8f9f2e5a7f7e721ed9f2b8205947de,12de60dc1a042194e3b753ec139d30c5be04e0a6b6d8898d4d1882c3aabd3180,41,1.0340799179233047,0.5761352792725952,0.7600749846733472,False,238.14857271292325,False,0.6840148873215699,SOLAR_PV_1,12.561371362012453,2010438466,914982679,1815186131,41
mc777001-0042,MC_0042,Monte Carlo sample 42,SENSITIVE,288,7,1.4871510960001615,1.460529843994209,8954.607974316454,27.569904239284938,0.0030694008304050593,16,0.9380234141335825,0.0,-1.0,53.24377032732306,47.819064956502494,363844.22278609563,275699.0423928494,1826.4489461427258,0.306291227651609,0.0,0.023190311034900254,123,138,161,115.0,18.143440356258395,c3efdd48d77cf565410f2c435df12b13c364691c749baaf87c71d809a00319c5,e7d5da7446a17c32abeaca8a52a37adcd11d3bbf8f969d614f2912adcfff1b1e,e9c0e2d0da0300d11987dd10a1ed82b0735f3b501d576ee974d3159024695f5b,41a59177bad33018d8459b72fb8c2c65e49a1f1d34810aca16d953d53c9d8bc3,37d79e37d6bf7489160b51f4e3f0f7ac500c5440aeadd7e5927a48327799e7ad,73f3e31006a23ed0c11a7c55ebaf1e25920b6eb4f114858eb25bc00a426d7b4a,d1ce19af1a87f89cfbdfc0ec27dfc800e643f98c145c21145ca112e4307d1180,42,1.1247546071801193,0.9243445096591265,0.851449844998452,True,228.92955561358266,True,0.7082933733637254,WIND_1,10.180114548309767,883783922,506233069,956983575,42
mc777001-0043,MC_0043,Monte Carlo sample 43,ELEVATED,288,6,1.4544819850002568,1.4287923349988887,9074.196134680002,85.31778217734734,0.009314662650419343,30,1.0000000000000002,0.0,-0.9999999999999993,59.421885956333604,47.928524057110266,403008.53727348015,853177.8217734734,2132.303058972049,0.21102829727622657,0.0,0.01957760678283648,105,212,264,260.0,81.32652625922056,251ad01fd393827c605770ac15a404cdacd55e2aba4b64aca6702b61d6001000,048a7e17d7a06dd4d8311928bb35921ffa9559a2d5e48b036359743e627fcdb7,29b017f5509c1732126d1b389e69dafea39b24a9c749df48cd37bc68c5231fc1,fa9145b4e8fa64081f49858396d9b3e6a2eec2ef297f59298dfa8d4a31ed161f,e6b044d8ab40d4716c712320b079dacfc8e324d283317e6b96604b0e92345266,acf161ce341d84e69902e0492db4b7b789dfa0bc6332132a7b4321da27864ef6,9e5a71889b2d1928aa6790cb4e63ec0e737a1d5ed3abdfeae5284628309c31ff,43,1.1522968815560513,0.8195992078116671,0.274652326764032,False,71.28409519638089,True,0.405087501810222,SOLAR_PV_1,8.655910027609206,909043278,1326597175,1896885594,43
mc777001-0044,MC_0044,Monte Carlo sample 44,SENSITIVE,288,6,1.4143560370002888,1.3885780660057208,7694.7087145801315,197.95509324677667,0.025080897662265914,16,0.9115933462066952,0.0,-0.999999999999999,4.175902927762661,43.15857429336125,343625.66110412974,1979550.9324677668,1878.940836795373,0.1851743633811832,0.0,0.02258893791226674,249,249,264,75.0,197.33204036805168,b45d25ff87b2b44f60cba80eb485c0442bcd8d47fd4c6cc4166fd08b1b822b7b,9d3155915e8964e7c5b568356b6260f6b718bb6bdfc3cd22320480996e465faa,e9f88019c87d0a83e59fec80c882f4998b1f3514e7ebe192b70092825447155f,ca2f24640ab4c5f762055ec50aacc326ba27e46498feb11aeb0eff4b2e73ad73,83f9824f367bddb851a7473132944e80e0924ec23ef8b2acfc4d3c7b3bdb14a3,d4f651526c81f11d95e38f5c7431ecee9e6a8e706d1d67ead3f710e99bdaa409,0add0edc425a9960f4bfb143c5f35f8379af6b83a5063ac5e149add4806a0074,44,0.998258152300955,0.7863404953654711,0.16222197856866014,True,64.38155199710603,False,0.6860192942496346,WIND_1,20.452004107475148,1758781576,1383812619,1213132662,44
mc777001-0045,MC_0045,Monte Carlo sample 45,SENSITIVE,288,6,1.523608435999904,1.4836065480021716,9428.964177908589,447.3801769903488,0.04529815495633624,83,1.0000000000000002,0.0,-1.0,31.455789017887348,45.64144757198497,439105.25003213674,4473801.7699034875,2118.5620187338313,0.22594919165002997,0.0,0.01961473009056307,164,167,264,485.0,442.65686606275256,b47a4dda5d0f4c63f82580989c3fac5c240fc205c18b659ccb065d26379ab7e8,b0bb7e7d6de848dd2e3efa99f5cb7941e69ffd27bb747f62cedd0b3f8f555042,6c8867fa13ef1682effbe61e9f402270abbe06839bbc821fdaf7819cb30cf4c6,0072294ab9476197d9897837def9c1e62ec385b039c29b6059253e8e3a73ad34,d9f98668a01d0e49fa44068a8404d69820ad95c8f7f95c221d089fded9fa823d,ce44af2624f418ba02bb982705307948b9503797bd2ae870737614e737122558,274b2068b224cbbe3b608655ee9723927414e0621bdaa811a71b34aebba7900d,45,1.2398271541922918,0.7488897022233876,0.6098500122815793,True,161.03281086854815,True,0.497128712219137,SOLAR_PV_1,13.621896622517063,708281111,1936653078,1279005931,45
mc777001-0046,MC_0046,Monte Carlo sample 46,ROUTINE,288,4,1.4535865810003088,1.4275725599964062,8477.461817598014,38.3822853546316,0.004507161579123266,17,1.0,0.0,-1.0,28.183149437802,48.23309545833808,291512.08798035485,383822.853546316,1685.538328808923,0.36790049478824216,0.0,0.018774399155957334,,226,257,155.0,38.3822853546316,fc7ebfa79844387655a4bfd37a0404d40958bc7bc9f5fc09c05d7997f79073a0,44870d3173771d609ace0c23bbaf6f888bfe3c330ab544dcfe9fe21c0f4e91e3,79d5a452dabf783f7cc4fa7eaebcba198cabbdd313e1f239b7a4a787ba67af9a,817c86a3afad1b38fb923726212d97027fa9208a07a3895dcc8ad73c529cb51b,66c943e3a3f1df6db40186ef2eed4e55374cfee5c1011258ca8eccb5cd513fac,0fc51c5cec3af9b24c79c1273de6e52e5686b336b348761bbc624fa87de72e37,905acb0cc08f58387bed20727c24dfb687d7e859fa465bc0e7b2e3046301fdb2,46,1.0686833672320004,0.840882397198018,1.021730048277795,False,68.84843339077521,False,0.6861817265966919,SOLAR_PV_1,18.784157809509068,1716112952,1126012806,1767172544,46
mc777001-0047,MC_0047,Monte Carlo sample 47,ELEVATED,288,6,1.4098299639999823,1.384178907007481,8006.47610257043,0.016442759623778613,2.0536782530783943e-06,1,0.8599305337782368,0.0,-0.01954963950122941,0.6077041213813708,49.97485546802554,403317.30370200454,164.42759623778613,2071.7440431550126,0.0916831075780168,0.0,0.018404230738338197,143,,243,85.0,0.0,59db98614e08fc0f46ef5fc1531a2a71f7275c97ba62e7492f84b54a0b8f1aae,1f48d162cbc18f609ad62bbdeddb0c388d8ae82b303fd7da97dbd650ef5d9ec5,d9075ea6dbe759455f52a72be24bc5cf86ccdcab243c04eab02c0b9bfc5a50b1,6a4fe85cf6ff937b04915f14141be5aec71a8583bc00935d04499b49dc39d0fb,b86a1382855260ed8df8ba1e75428c49e49839fd0bcc0646aec742976b25fcf6,0390896a47f5d72e8ada49a63f52b02195ff6c8d2387ccf052f93600809f6fc2,e3b435f79d5e0092c70c7e7c22862690921fcd0903f63ff9e6c828656a59868d,47,1.002557921234453,0.3037424051479725,0.32350701123629916,False,64.4422774944578,True,0.5722810981424757,WIND_1,11.827787404150406,1989331854,1207229769,207089474,47
mc777001-0048,MC_0048,Monte Carlo sample 48,ELEVATED,288,6,1.4331694050001715,1.4067709590008235,8516.437540284001,0.8082783402473173,9.489902692251691e-05,1,0.8481217973121672,0.0,-0.18446064588766772,1.411251847121786,49.676688663901075,334517.2131855567,8082.783402473173,1881.5621413874385,0.2790139906190851,0.0,0.01888832773061175,77,,256,95.0,0.0,522aeb12beb1525cff445a06a73e339d40e37e3d4419788608688922996c7992,823535f8d0890fd1e3f55752e07a902446842e7ad8a0eb21df06d57bc23f2b02,6f8246edd20fa3c83e7b4ffc2c2f99b7fa7000023f0372d217bc8a852cdb1552,6d723457b6038ca37ce72d0ddeafb205e15df96b2c3c3ecf19b3568790b49f84,18d9f50c12b02b4bbaf4907c460ca1c42df16e1969dde60554c489a720ed06a5,47b0314087ce77352d74c46bbd07340f99be76274485d414f89c498e8614e76e,452197d5fd9657c2a4ab1be0c3c43ef5314f0883039061642c181e83e4e4daad,48,1.073743468958567,0.9631662320080467,0.5512030263524125,False,72.64642343007769,True,0.7507865686529458,SOLAR_PV_1,6.3581078873463674,816475991,318062275,1031272457,48
mc777001-0049,MC_0049,Monte Carlo sample 49,ROUTINE,288,5,1.4410107519997837,1.415081138001824,8631.392572569679,1.1092030594846656,0.00012849149508617662,1,0.8593377047798558,0.0,-0.7650879882847289,11.566031810060098,49.001933683748234,354030.7752087512,11092.030594846656,2001.9310262357326,0.24405636071600129,0.0,0.021242326033837786,,0,1,5.0,1.1092030594846656,2c0c9b444a2d0693f6f573d4c693d9b22ff803f1f490959fa408174301ee4fd7,9fe174b25abf3e06e62a66d2a707d3cd9d5d332643140b4ff6d8d7633aba6741,70a3743ecfe9a0f4b751d397b0c7124cf27ab86e1e713fcec88ab2b052576455,3af920b0e4b3cd327088fa703773bec7dfd329f8a18944b6f543520fc1bdfa22,fb3dca3b1f336363228619dca0b87cbd8f3b885d126b17801ecb1ba1ade25c86,283f0ff30789533552321fe037b99755eaeba48fda390e2b181702c9aeba9808,919bc418a5fd5cb5ebacbedf2962afc75114d60f82ee0efefdc516e43401b09a,49,1.0857201035189494,0.6985787427996915,0.5511799053204856,False,174.54675609206856,False,0.3213045595692481,SOLAR_PV_1,13.31765259249193,1156897485,2004774397,1948773514,49
mc777001-0050,MC_0050,Monte Carlo sample 50,ELEVATED,288,4,1.4213234270000612,1.3953827730010744,7212.075802591004,0.0,0.0,0,0.7457044890355389,0.0,2.3308487141671697e-16,0.0,50.0,319558.6847903074,0.0,1901.1111064016038,0.15036786861980475,0.0,0.020013446599346667,146,,,,0.0,b11ec0e27c859a20e15c80a4c027990c69c4160e14bfd886c9ff41178f4de32d,1a151c8f36e6e6c6b5139f05f2322b6cc29b7414ff4abcdb3e8b078fd23baeee,625a2d8f92b2355a26393a6b9e8f6ba1dc45eb0e69e179b8b00f565c9f944bae,222180ee3b267f9c41e84ba7222491441e4275aca44cc2ea293dd566a8d66502,5cb0932bd73a8dc468144b8fa2a026688d9b57daefa2ee51716840c32bb9cbd7,8e6b9755d5984d95e5651cdaf48fb611e6e69c71d558f02e9b1182aa3ecea851,205f064188daf6f8283e02133c18fce1fcbda1e15971048d6f0473840f428546,50,0.9064497210579705,0.41272591994421604,0.2733774324256753,False,125.65560294773387,True,0.8050123313831492,WIND_1,11.70077389311173,91408359,1067077473,1862277457,50
mc777001-0051,MC_0051,Monte Carlo sample 51,ELEVATED,288,6,1.4168475259998559,1.391254635003861,8482.51426915528,0.9838735088641878,0.00011597497781206726,1,0.8692586222628226,0.0,-0.13739811272636032,1.4417894619784337,49.60645059645432,343026.61725300533,9838.735088641877,1936.8855852432143,0.25487483861184174,0.0,0.02009136430882649,247,,254,25.0,0.0,e1981ccd9380286741bd34ec17d62cd0346123071e4ec2453ffe27d3ee4f0ae2,cef1877d74385643b79daa44d2a26bc1c9bcee92c20797ba11f58689534fb57b,a00921c83a86a8d6ddcb22c2fc161bea07a1b84ab06bac0f06c005b30a1459fe,6cad2b356e5c6987c7f0883f8b65beaea4f1a4e6db92a07445882cb6baa9d767,11e927184bc4f8662114b3d99e3e81b4b51ce7c8f5d5fc732e69e41a8644700d,05daa0e1ea4ee4bb8d666ca8091ed0c2f8549eaf5e84483426c392513ce4d92d,01cb3e5f9fe9182f5e80d0f342c0e08bf02e0ca9211ef0eec082ef5c05b14117,51,1.0636228612816152,1.0184137723463356,0.4529630471628233,False,178.72056938496655,True,0.7945262763968476,WIND_1,20.351549229098527,913361884,490119316,1264014721,51
mc777001-0052,MC_0052,Monte Carlo sample 52,ROUTINE,288,5,1.4590534089998073,1.432702682996478,8789.561523485312,27.819900999851427,0.0031551205126045456,17,1.0,0.0,-1.0,20.478235948127498,48.65616992239289,387741.44815483136,278199.00999851426,2056.6032956442264,0.20616777554853077,0.0,0.02082200492814194,,0,1,5.0,1.3589553596001025,282d60d2a485c70d7665c49b32a19f4edc183170b8a3b7dad05a069804e02cbc,3731746896e0867aee12616f3f4708beecee90423b904c6cf25965d6361bb9e4,c98017f3cd761b377b399ecd87c4511729236a47f8fef950b00a0d6125730ee4,24323574a22944df9d05d4a71473138a8ff6c18e53bbd8c16bd767b33d34620a,fe71b360a3febac96685ce64202947886af9a1650456fb9772b62115259cd9ac,566588e7382d542225e78352e34fd62a38d9b0474ce63e1c3a7ae2537696a6c4,f836a15e4cef1e548ec5e4d669a8b663a174fa53019ba7b5d0d99e6f17d5e195,52,1.0987310243644517,0.5672595620081022,0.5687913313554214,False,101.43287755380157,False,0.32948947449894495,SOLAR_PV_1,5.51544799502001,1601823925,1321249928,2095782067,52
mc777001-0053,MC_0053,Monte Carlo sample 53,SENSITIVE,288,5,1.4484957579998081,1.4225717730023462,8593.005609058164,28.763466018212647,0.0033361443304439054,15,0.9837806743884757,0.0,-1.0,18.360634953968862,48.665345299688674,337316.69912082615,287634.66018212645,1794.8124135843152,0.30814788389584397,0.0,0.024680841885225922,98,230,257,135.0,28.763466018212647,65a5690e63a57aa782173da9cd0794601da85f644a0ba7e6db82794a0032e5e9,05c9b3d678215989bdbf70b56098aca7be4df515c087b454aeb5337eb78df4e3,95569e221d02953a768ced1ca6b023446d6dd643b4d1aa6a5425147ce7b4afba,f1a09231f6fe609f5eb6c976020b16cf9aa5317728dd8f79e3af5dc833d4d0eb,aa2f838f6eead5a64da3b136f6a710722df874ab0c2dc667db95d02ff9aee1e7,3328f1f9ea8ca418b530420bebc46a97624212f7dc20b7189bee5b657ced3ba5,8f13cd0ad63f044a9f41e7e79c3249b201d276cdbf840b6c3e7559ba79383c11,53,1.0834822867490541,0.7758418800313266,0.8234883514070095,True,164.1919401614057,False,0.46505510128045746,WIND_1,7.835222352833431,1664021836,1892386512,111132092,53
mc777001-0054,MC_0054,Monte Carlo sample 54,ROUTINE,288,3,1.4222598589999507,1.397198033001132,7927.185012918527,0.0,0.0,0,0.790049454687173,0.0,-8.888676540022957e-16,0.0,50.0,310205.97849771776,0.0,1862.9255129445553,0.2509413491465642,0.0,0.019735108502791927,,,,,0.0,64e744439d6fb83ef8afb335e5b0b620cfd42c8a2bce9ed4bf36c10f6e105ec8,febba8a0812e26ab935f3aa864f583f1ef62a7a29a1b62a2df38273af95442bd,eb726f17720492b3e44e059138d8b79d94fc2c07e1babb93353ed650ea64e64e,f70d4c03a18f8035f9fdeb057227ae4bba5a250c1a059c9d015dec581b37fdfe,442957147a5c9faf16279358d3b6fdf182a59d4a4ca77f3985bce9cfcab14c98,f5ac7bc3f3496bbbea0ea65bb5a8f1d144ca43466d6c8e14ab5481687dbb4e43,ce02fe847ff227133f390bf30d33de23afb058d7a2b473e81efb573d0734db3f,54,0.9954884375747781,0.4739173867754418,0.7168658629367503,False,195.99538774802784,False,0.4166517062691151,SOLAR_PV_1,13.918211742201557,401972031,1272594210,76393195,54
mc777001-0055,MC_0055,Monte Carlo sample 55,ELEVATED,288,6,1.4450665780000236,1.4172427139983483,8948.762735656022,20.333923206190004,0.002267109384544139,11,1.0,0.0,-1.0,23.52124444673848,48.39770426976674,381832.9199876706,203339.23206190005,2101.8995726137427,0.22924815525073813,0.0,0.01809271949981545,122,234,256,135.0,19.752336778523603,8988cf0d7be5eeb710fa960b397d636ac415a804021799892f9097b264d65d27,4babd725023679c0f007eb95012472dee9c10a309ea2ea8092f58e90cf40fef9,2dd74723ed5ce1d0fba7a9145ef8a118fa028f26d7469fcbabe76be97af0cd14,a3385f9ae5dbada21ea21fb7fefe6813956b944cfba1df1689e1d4340c3d0a6e,63d805947dc788f9cc2a4a3cbe6d1b0027d75ac10c12e2798e3c64d7377c895a,517ec2ec063ea27120bc08d8bebe452aa2c483b1798b6d74c94e044e76403bca,42c384749c4e61e2bb3bcf8137c26bb0801957dea362c9e57ffeaa39de3f27a4,55,1.122562614662741,0.5786553340115652,0.8832964259891888,False,157.29307873719222,True,0.7139265832456321,WIND_1,10.124692802072925,1918108423,905089193,1876525452,55
mc777001-0056,MC_0056,Monte Carlo sample 56,ELEVATED,288,4,1.4602167749999353,1.4334949549997873,8040.759285669634,0.0,0.0,0,0.8239567900653568,0.0,-8.074989887989744e-16,0.0,50.0,268768.0739159691,0.0,1596.6264025582173,0.36781984677321916,0.0,0.01831081197605614,196,,,,0.0,dd3109c4c36b327143bb81ebacc4ed00806a7615f13788d8d696e21b14bc8011,e04075c3cb4e5ad000863a0f7d2badf7443520791f2de99dfda792b73209e73c,4ba0ed9e40a359d135bbb4a6889d92d8d837e91aa3c6bc5e44355520344c8c9a,5c64590ad6bd7eb32496248a9b7ac38963559f7bd8d4ffb8bb761b5fb4417fe4,e6a0a62d31014f2b942b64b680be02a0e45a32fcdadbccb44903ba6eac7d5249,d8838cf61e2fdab62ad7ee175df3aaaad8caf6add59d98a6f76e1c98599dd9d8,1f93eb068e80ae731a2449b72c50f13590ba638cfb16d08cf155e6de5cfc4aed,56,1.0104908610058618,0.9519682473811907,0.9636496543781384,False,159.33103004172892,True,0.5806968981781333,SOLAR_PV_1,16.302447039648108,1587698460,1959049597,91897031,56
mc777001-0057,MC_0057,Monte Carlo sample 57,ELEVATED,288,4,1.4102099770002496,1.3842010920006942,6602.516115553844,0.0,0.0,0,0.7786774980280055,0.0,1.852590875736912,0.0,50.0,194365.45377035646,0.0,1264.8482890463392,0.409279828201243,0.0,0.02412879796635766,125,,,,0.0,7d2ba14a8913d90ad6404cfdd048ab82975f3c397281b3480808a9eaeaa6b4fe,5bc486e604e753144adb2361f4987fe333368447f0d14a4c735a471270489a15,a32db16a8599c947114c0c07815e92c7a130f1262810d9f6c5889d5b51d04ba5,bbfb27c22fe582abe58443110226acae6c3a2926479624b0435cb7f57a5a38b6,0c0852b5518c0091b8c99da0eddf2b9fde0884f84353b56536f908e4f5f55242,0f4f8de278e824ede389b8895af12969a53ef2aa20a1e4a9204f3eda6683e74a,2993cc30c1bc447bcf82a2be7ccc62898fae309c3ceaac35ec99acd4f343e8f2,57,0.829120543326151,0.9197753140025551,1.0528463185264543,False,104.28806813107713,True,0.7249256317876429,SOLAR_PV_1,10.393806083020353,2012713465,279965923,477731176,57
mc777001-0058,MC_0058,Monte Carlo sample 58,ELEVATED,288,6,1.4554612749998341,1.427491889004159,8710.64765693692,2.1314541081895335,0.00024463538912486703,2,0.9087739300953573,0.0,-0.9999999999999971,20.207244392108358,48.78569814689123,311234.23134902585,21314.541081895335,1830.4729947154378,0.33383490800893917,0.0,0.01884399884535681,85,234,249,75.0,1.9589632963096086,a8af92e7ce509d7956a82dd4ec65bdba07417479bba8fac9ee6879e4f8ad5230,7d53c71fb2e0d3337fb40cf07671b82088af581297e2f47cd9e2134368ed4e74,e9bffe57bc0907ac74fcb7757832d45fcf6920bf2e2d3af8888c86a65fc82c20,ac35286f9934501126db24a00cda807f48b5bdc0c0082efed6178501e30ddb47,7400bb6e0c1dc22b4afe9999424275a9feccc791d60957168ae97897a71d4625,0fe3a0f124b9b521f15b0c92816b5992b1b1257ea45b0bc8e6a526be5da9fac3,ebce323454bebd8cde3558b0d23455a432e0dea7349f9cd99e4344d16cb71dc6,58,1.0911380971932856,1.04738034250849,0.7963910837320002,False,112.26543408473746,True,0.39833078294294055,SOLAR_PV_1,7.038477546743567,370096174,1748424838,710500438,58
mc777001-0059,MC_0059,Monte Carlo sample 59,ELEVATED,288,4,1.4353630049999992,1.4087313509976411,7867.010808071603,0.0,0.0,0,0.8940464495312473,0.0,-8.380861709693806e-16,0.0,50.0,274406.1231976136,0.0,1674.0396276489082,0.32553172365587174,0.0,0.019259532172385754,101,,,,0.0,9865631b238be6c6f5b4e2922ecd81563b6013ec4863e26267f5dc9a62e96b7d,0829f8bda10ede9cc05947799a7b8dc3b8ed737c94756fdcfef6a9cbf1e12b20,7b9b2bae644500ec0dc6588e55371869f54dc65d423767f57d4ebd9960ebbd7d,a001fa0b45a529b611cf36d072c8471eba14ed111b049e91a68ef053d145dd67,43506fa667acee2fd3425ad0a76e9f571ae7e9355f2e3515c065a0e7fd5c6ddd,f3b881e8d95e4ce2e862a2736c1b5258fe511b8f8f0b2102cba6b9b81c5e105c,b0a07cfb75c7bf4316069195a5bdcb24a23c89985961633ea2801c418fff1a32,59,0.9871802273962433,0.8131185564380502,0.9831097699968285,False,170.38127466901196,True,0.840996102740585,SOLAR_PV_1,8.348840986443994,438241145,1112895522,595648827,59
mc777001-0060,MC_0060,Monte Carlo sample 60,ELEVATED,288,5,1.5380970850001177,1.5121077859980687,10042.783706852366,639.4512715964431,0.05986118755920676,89,1.0000000000000002,0.0,-8.178474558234804e-16,0.0,44.717538313625106,497356.9728053181,6394512.715964431,2403.436133055226,0.16747297259830773,0.0,0.01619299851757879,189,203,,,623.3758218094508,f570b2261fa025d0131823890e3582065cef37cc04848609b6c199cb709831e3,55496aee3e96953f7bc12b8c60f98e7090c1b364e7b500cab4b0685f9d3efb12,82f5505b06622844b2e229cbe378406973a140d94d726317f21970ed0653d3e0,6e2e5dd10849ca24a96d45d73cd555511928e794ad8ac7ff4afb9e40fee18c2e,dac172b01a57c4bc51a3eada6703f9243f036f831efed663173791ca750ab5b5,39f3066fb8ca74692f655d76b86d2e1fc43be2c9704d18e195229dcd89328d94,c93658de4be0f4cb81f40fdbc421a1cd7165acb152373691fb9fd53ed8c2fc66,60,1.3362425131267537,0.7213126510301049,0.24265646062367457,False,140.83311318141935,True,0.5299450160322768,WIND_1,15.736408347672135,1767806988,2101826729,2051808402,60
mc777001-0061,MC_0061,Monte Carlo sample 61,ELEVATED,288,3,1.4449489459998404,1.4188226829992345,8129.059599542528,0.0,0.0,0,0.830783045142845,0.0,-1.2414522665356724e-15,0.0,50.0,338875.1308546973,0.0,1957.7822198922167,0.22336042434037473,0.0,0.01968452780441988,,,,,0.0,658b309acfdf973ad4bce1dea423a7478d1d9da9df13c3bb3519eeb62c6d7c12,3149892f3242ee05ec2c1af836f3be35fb4fcfba27b73153c4e936109f303836,dc3b3eb631198d4099cc28c05623d5b8979ca307c89df291a0d2d8cd15600d81,ea4bd7440ffbc916e57b30635663f26d3291ec1e62da5286689a3f9a15924886,4bc974434b46aba273b313a60aaac8f097830d255e6d7a34ecb2339675a04914,666489afa3c9fda35b0f41850847d84772dff9d7236d95dc4af0c574ffed556e,d598f19c88f4a958c0da02e2922e238d47aee2d1d3f20c0d14f400d28daf86eb,61,1.0164351912618466,0.4223291544614367,0.8502807101070172,False,63.140736707612,True,0.6218448514091179,SOLAR_PV_1,19.854211260885975,1172370665,1116009803,1303484904,61
mc777001-0062,MC_0062,Monte Carlo sample 62,ELEVATED,288,5,1.4380614550000246,1.4124595579960442,8903.559946533274,131.61098069795855,0.014566518083381722,38,1.0,0.0,-1.0,18.788625723939475,48.030298471156954,386438.8276418749,1316109.8069795854,2117.161526069781,0.2207986027209846,0.0,0.01978146794712235,230,229,263,170.0,94.15129311963422,c7b38d810e73adc55ff12dc19fe181b2c6006df942f675feeb90a84e4d69f07a,af4d68dcb69d35c9f96a800695a4700164f4b6a361f0d099822ac9af3eba4d94,995b79812357119ce7cdd040e7ce003b05202ecc1fc3fda9a6f2998f19311685,4a74ece8a2b3d7e2f934fe5810d3be433b5bea3674cf96a76b59e16c1caca2ac,52472248446cc0afa7018c4bed5fc398fa4a29b2f65cbbf654ba9991d1c388ae,8dc1b1b4476ee18b6834453723a66bca931f9f207b2963fe9ac9b6b6d292570d,83f53c4a9ac253d61eac8a9bd2276aa9e8799e0ecdcbc579d7534f27ede2387e,62,1.1263633197285492,0.3376255426632492,1.0709219838868855,False,213.46685052329588,True,0.5663184447480645,SOLAR_PV_1,19.08703182766431,911879880,2019341083,872307548,62
mc777001-0063,MC_0063,Monte Carlo sample 63,ELEVATED,288,4,1.4569332030000623,1.4286068569995223,8079.062244470619,0.0,0.0,0,0.8729964920454355,0.0,0.17618423922281148,0.0,50.0,260215.84150182363,0.0,1556.7779807007403,0.3773998894420583,0.0,0.017825251564758057,107,,,,0.0,f3f682b520484b3df1963e10a3a8838034811a1c3e907894024caab0c3d888f3,d4110eebdebbfe73b50947efd20d20fc85d4b7a7a6aa255609398d244f0ce215,244b92d90461bd1b9487d7732461616d052e1b120b893a5a22e075636cd716e0,4503ff00d2ffe1914fdcbaf609150a1d20f02f9317a8221e09d86db8fc58c972,b70748cadb3f43264ea35365a2dc5f2fb2d1309236f90ed1a91e9381b891c35f,3428a93f3c85548f2099e2d65e289d7a469cc2c8b3e7d3f83015cb3cbc9f2ed8,c2b2b3f23539711b320d7a3486d8fed1a7048244a947b9f14668350f4a9af3b2,63,1.0145076176450416,0.7099197146293632,1.07968775763377,False,199.59360216662913,True,0.8871121391092118,SOLAR_PV_1,8.871694960005915,304082141,1212459018,1538933053,63
mc777001-0064,MC_0064,Monte Carlo sample 64,ELEVATED,288,4,1.4379176669999651,1.411252510002214,7478.170303128736,0.0,0.0,0,0.7182959035255368,0.0,1.0482086188326474,0.0,50.0,256571.4846553403,0.0,1551.619852400288,0.3274795235874848,0.0,0.01876156999766665,83,,,,0.0,a2ee2f9bfcac3aef979eae238b0e3ca77904ecea8f68db854e4b849e5cff4b4f,81e630e670c00cdd99c33cd609412c67e295c2c05b7600cbf142c56fb8f391f5,3e639803dc1858425cb7b119da87a7686bcb3bca4dad85c5bb7f9cb9f1085ef5,b77270cf489e5cb2973073cf99bf1442ede3fc32b7addbc4f90e9aafb7ac04c3,2b3df6179b2b5732418ce3af6a255357d1adfad945fcb5a9ff3183635987d81b,822ef347bbddbe70cabf2b82102288ee48bb7e0c80f58e18bd7af572bbc1dd76,2bdc36082c23d4156b16c0f5b48717638bdcfa15b3b96c305b863d886a0f21d7,64,0.9393611241677068,0.6434289046490369,0.7765594782609618,False,162.61597612484212,True,0.673060801324711,WIND_1,6.877750931090475,803012509,921095844,45244938,64
mc777001-0065,MC_0065,Monte Carlo sample 65,ELEVATED,288,5,1.4162637750000613,1.3902943569992203,8123.206012140807,0.0,0.0,0,0.8401442682210423,0.0,-0.01881996169812348,0.7181355434992943,49.97523254863182,331835.2698419856,0.0,1890.5035757141313,0.24413804334435985,0.0,0.019227608704018562,181,,240,110.0,0.0,6dd234982d7b7c9ab881f09e4ad7dd4389f5bae05ce53896a03ec0bb9959ea12,acd46811c6952ef36b4bd38164aba8a471940c9125358860523c7a84859f78c7,e1ef1dd2a0f13ebc41863f8467c053998794cf5e23414eea728d6f6eb717a575,6518333007bcbac17e40beaacc4894559f3ddfb8e548691854ee14bc5e7cfcfe,9d43d3a779bacbd986062115a4ce16c937a431b159460b97879fe3a84ab913ec,8be43c87965e49f6dacc6cdac1395ddcaead65b5f2760c785ca5a6c0119698fd,fe379a20575c8a981c503adb1461f2b40199fb299024ce1e50ed7733a693446f,65,1.022095775837036,0.3879841880666324,0.7879473769521869,False,212.6624421911264,True,0.6819161360494952,WIND_1,15.029065389816159,797546377,1619139726,504244716,65
mc777001-0066,MC_0066,Monte Carlo sample 66,ELEVATED,288,4,1.404016995999882,1.3780349909998222,6946.474736178479,0.0,0.0,0,0.7526476619873859,0.0,1.4090837948703583,0.0,50.0,233360.73549273898,0.0,1491.1018253687225,0.32746986530594896,0.0,0.018617828000354178,159,,,,0.0,cd13cbd4a88ac90763b3438e2a7f8d2211a52da018f9de688aba8ae7cc3ccdac,442e312140c0ff4d9642b9d97d222f3d263e4dbefb7f820f145678a43c0828dd,7945e46174c435cc3574d4d4ab10819b5a76063e70f8032f470f40464475d36d,5070c71897807715ac144f99e4f21f08fd9a138c2cd33bc585e3ebc0d46dd9df,63c68ca4697138b6587962c51ae01d359a86cf2fd34bb34a9cca1e6249da5abe,8eb797b2202911310b31879f710dd2e48d3a4961b47ea4c5b324d3967efb488f,d0e3d6655716c9c6892be781b2802404b66746a82b4d86964d58fb436e9e63c8,66,0.8783570826528981,0.8056285804098944,0.5548347854433517,False,188.9770778370423,True,0.8511136386836273,WIND_1,13.195231664488993,651823340,1038716036,103201581,66
mc777001-0067,MC_0067,Monte Carlo sample 67,SENSITIVE,288,7,1.5104190249999192,1.4832657159963674,9227.524447889526,116.36217397861746,0.012453294724947436,34,1.0000000000000002,0.0,-1.0,49.74022067884677,47.44290848792544,411690.9012712907,1163621.7397861746,2008.6105303249913,0.23858192657606855,0.0,0.023201351706397744,147,160,172,60.0,11.044093104854182,18dbd91c43f85ff76b3710b15f06d37bf58831d9d048656182550d92fedf282b,e42c7aee03793a6d14d1f7422cf4e28d057559169d27760b4f31ca007804a1ce,9fe12bf6f0854d881eff798386e6ca6421f898a20f3efb98b14bb01efabaab10,0519bde1fab0ce81b07c91f02567b55d8ce33eabdd7382588794ffb6dde105e2,276af23b17b08ee2b8217787efc1da10b74abbf525b8a5f214700a5e41f1147b,f2588b784be945deaf9b0400d4740d87c29aa968459f2189b1a0e361ab74aa47,89fc214750c158c1f06270b369d10b603494bbc4503f9d6016602dc7349ff1da,67,1.1788472964179242,1.0364909219777478,0.4903019549634131,True,116.86824503819571,False,0.8130524615684991,WIND_1,11.947941082918401,129997734,107117367,1528536070,67
mc777001-0068,MC_0068,Monte Carlo sample 68,SENSITIVE,288,5,1.473403651999888,1.4475398260015027,8554.733252807975,0.0,0.0,0,0.945002903236523,0.0,-0.3350816440749725,4.686807796486281,49.53674451539489,301600.7028661665,0.0,1577.5215676644027,0.37009891789248456,0.0,0.023733754067084712,89,,244,45.0,0.0,b8249197868c71d55c20ed4551223ee11bd78ec3dfa38de2b13cddaefedbb7e2,15c89971291a530f05fe4d8ffd5b9cb4b74446f0044014082048862b6bb4650e,df432a705bee7efc81e10f778d181d44737e574c97c331bda0aa8c757b18930c,2e83be05addacad585a737756890978ec2e5c38eab51178921f820f2d0739c53,3d2984eb3176d217590a86162010b962965d73f175c27a9a359d55dff304a808,5120f4ff248960862d4b02b6fc27447d51a4cce3cbfcb6d5a455c25ea15cc5c1,7e309886f2789ca679962789394df338e17e275b958a5c7712f360067cdbe6a9,68,1.071650823809208,1.0121447133052424,1.0394571530241101,True,147.56657570587132,False,0.7852550007119321,WIND_1,7.118477464466777,1147837393,1625288581,1725418106,68
mc777001-0069,MC_0069,Monte Carlo sample 69,ELEVATED,288,5,1.4445764410002084,1.4179920869987654,7986.240300971167,0.0,0.0,0,0.8715475087799543,0.0,-0.03258013011823839,0.4473475515983717,49.96328476418672,356773.0613627922,0.0,2031.3691998630268,0.17539304522823712,0.0,0.01877604107633164,221,,244,105.0,0.0,20d3c5cd78fc5ad2a5d4fa47eb7bae6f21b7f15bc984aab851d8b4b70ff93d2a,606d0e8a983707a1d4f8305b0e70fdeed1c33a009c5692009fa1946b9293e5c8,497917c42dbb71bcfc8aadf29eba7668dae2b93f249a71a24849cf6101f62930,9cc6618cde9451c101d6ece87394f85b3d31424ce08fa49b79137719ab21b0ca,6895b2c595ba9c10617de8241883731f719d3452c5482fa98ef4cee2f2f8d16f,2eb27c87f270e286173dadf8f3fcc6c50a4fd9d29b410b0be5315c0be222b704,bbc8bfbd2a810345f1895fcb21d73da0818cf6f5c1f4094d4741919e95f9508f,69,1.0048506965884063,0.29832972328259916,0.5084368701576313,False,141.0172141271501,True,0.4439326575810064,SOLAR_PV_1,18.367751258637345,1250241673,778522807,318965649,69
mc777001-0070,MC_0070,Monte Carlo sample 70,SENSITIVE,288,5,1.423302910000075,1.3970064709978942,6764.9982735141375,281.529881141515,0.03995299173757047,33,0.9374292479498831,0.0,-1.0,2.558333378396363,45.237916868497074,225526.45825035748,2815298.81141515,1304.5499761775297,0.39278251624003213,0.0,0.02571744082639821,242,242,277,175.0,281.529881141515,a197b6e94dbec767ef3c665490aea40091faf974f030cf99a2dd21b8079bacf6,432ef4d58d3b52fd9aa57a40244746edf960ed7c52d958ef2b5cf9ead988cf23,dd6761197fc524014d162e3987859beeb22043c24b9da7f246ab721da62c9d95,42e19b2eba759918023a6f6c9686def9f948a64b4dc6e1cbe1ca1c30b7bd0683,ec8143e01e16a71d968d28f72493b677f59844dd855ad4bf6ec0b16193cdf760,2ad76845afd9d3a61ff58db32996051d13b340a7c75f4ca9dc1083439e0f9942,03c219de67db7e1ca90991a441b80007a0501950de6a62ad5bd346a8601b2310,70,0.8866909441511173,0.5281541403970472,1.1116594501112915,True,168.81179723844,False,0.8409810302461569,WIND_1,19.833461463647474,1562955356,1096651012,1730562869,70
mc777001-0071,MC_0071,Monte Carlo sample 71,ROUTINE,288,4,1.4703458519998094,1.4426182730012442,8317.523555146423,0.0,0.0,0,0.8640866655182602,0.0,-0.23487953023506905,2.554934327204885,49.72235418986211,324029.5529835668,0.0,1903.652521642856,0.2730503808630913,0.0,0.01974494705464181,,,249,90.0,0.0,292a91512981032774b388abb540cead9b9e29e05abe339a18328dae149eb6d3,0c17e0a09bdb6f57362bc3b704e6db302667d8d96d3639aada016f0b54e3e5aa,d4818df38b23980fdfd17cf5421461d5c51484cf222cd9af00284c96ecba02d2,5bb2d9a7e3239111b301c5c863f89875108d87913cc7658312aeb6a5c81db078,6c80dcc642aff74775046bca7cda5be852cf30c464b5daeaaf6831e378916074,323a698408edbdac60cbb8b7cadcbca55c756c4c49878cae6170fe1ae3e663d8,fd8d5dfa2837770d2c155069dd2144b688b5f431446bec5209cb92868c836087,71,1.0507866126792569,0.5087582932383012,1.0112002509643698,False,78.15600500297396,False,0.7873932396679098,WIND_1,6.401097092084587,11211686,361120048,658418585,71
mc777001-0072,MC_0072,Monte Carlo sample 72,ELEVATED,288,6,1.5312896650002585,1.505491771000834,8873.181885861728,163.38318012943898,0.01808023058942236,40,1.0,0.0,-1.0,23.45470281080876,47.11970567539942,433611.5146779423,1633831.8012943899,2182.8328082006997,0.14090680785966828,0.0,0.017406653062948044,219,218,266,240.0,158.08836686021033,7cf19c996bd6adb78b490488d08dba74f7465d33f846dcada27fe7f0206b2126,10522b9768a7a53891b972665d8ae3047cfc9d6331afcde165d78b3fe848849d,8ac6d414038930cc9748f8ca90b7e192561948bbf2dbe0ba8032adae64f6e5d8,b1a057651a5a250a2cdd0a74ecc2784ed6d3003260a258be76bbac0b53852dcd,9a0a3346dd68d072f835c209d9d30dee89e2feb9cf852414f73374ff33bd9ecd,fca1e1723e159ca75f03b5322c89d0628817efe15fc765e0dd9ee14b9b0631ea,510c1ae76eb5c8a0721cb5636f7237d52589b7519efd15741b407b82a36c9a4a,72,1.1359484132273316,0.777036124244541,0.25258925072048194,False,66.62662384290311,True,0.8585672155062347,SOLAR_PV_1,18.189600893913855,147042359,103488476,751584350,72
mc777001-0073,MC_0073,Monte Carlo sample 73,ELEVATED,288,4,1.43674666600009,1.410611537002751,7035.692917628694,0.0,0.0,0,0.9587021790710698,0.0,1.6593418143199912,0.0,50.0,183168.29311805195,0.0,1229.2678514956542,0.48395109256192703,0.0,0.04289421220461401,,,,,0.0,14689311dbc697be3722cc8daf2dbd20745464a42d7c3ea3e9a6041459b9f077,19347337dcc2a5be056ebdeb0700e223d21fbd6721f8b2cef18fb19ef70031ea,595fe04962ba6ff3958799ee74f6e3141670154aef924eba83cda4bd30be03f7,49563b4947f3edb968e7fd98428b9721531fa223af5c23276ad85cbf2666027e,e6c8ed90724bfba48d9954b4d1c8e5d47b0c2e77e383f11afe8cc1036c1019da,730e3a5d4229ed19d8fa38eee452d96da408e545ad6d23c7104eeb6174b92e65,2c443762c44a19b8fd5a57a96097a19a741ae0d79c43edbf0ecadaf97bb3a113,73,0.8879893632798739,1.0459251387049866,1.1192125205760357,False,118.34527945881194,True,0.5621053803118822,SOLAR_PV_1,19.461167838607782,1474852431,1428615838,452919734,73
mc777001-0074,MC_0074,Monte Carlo sample 74,ROUTINE,288,3,1.501594269999714,1.476083962998473,8338.011094731475,0.0,0.0,0,0.8465956658264983,0.0,-1.3817392408980138e-15,0.0,50.0,328300.99886691745,0.0,1961.876184281326,0.2599116209561349,0.0,0.018081695770871296,,,,,0.0,f8c8ac686944a614c03af12491660f9cbe750bbbefa4f17b3dd239a89dbfa401,6d762d1e6e2fcb1fee5c701d38172673f118271651e11b2f0749010f8894f255,8207d8f3880273e7a1f45d1f5b006126bfef3ac62e6b6dbe3f3d5aaf3df6f97d,8f2b1b73e84f41d268cf342e1801765c37d015eef556bcbb2fa5dd7334973209,6beac64b99cd8a38e5c06633509b427740bd5954f9146d75f0c0b7cb2f26a8d6,3d026ce5297e6ebd41b2351340e89c07be30b027ac48259cf63f225e1c9c5a6d,9d53adfe904afb6d65d9c706c68bff2e73ad1d8b79ca2443059d242c584261a0,74,1.048235988601542,0.30857074033797005,1.0165933152728075,False,213.32341034405798,False,0.39026404120462743,WIND_1,12.192036802924775,61779741,928865372,1208876384,74
mc777001-0075,MC_0075,Monte Carlo sample 75,SENSITIVE,288,4,1.4305567800001882,1.4035859249947862,6772.121288878088,0.0,0.0,0,0.6878366757643157,0.0,-3.778497758172664e-16,0.0,50.0,291627.95910135034,0.0,1605.1791955096419,0.1966424328648076,0.0,0.02125153873671745,144,,,,0.0,52415c65b7a1cda2938ebeccee3d6639339a6d371b76b2d659f8cc20d60261ea,bba47b5fae76459611e34603ba6bb5f085e5ba5bc5ad3b13784cdff3d2f0b6de,0f96de19f990d7b2c8a2b76ca31dfe0515bf5861cc0858f4db51edabad1230fc,40ecb7e537b4fd337157de8af91cb9f33ba6d4c4e95ab653c5d1167c8b9bd88c,9db8e29009d30aaadc56955a3d860bfe878e47e266ac2214a74f31db69b548bb,4874daae51bb4410305da30a6c6fa18802f4e166864e0336b287710648d1dc33,f775266af96eb7b52876f2a5c238b48bbac324effe0143c5990cd867a83765a5,75,0.8526208134842814,0.47551025675309855,0.6166280057332986,True,182.01692013326556,True,0.5730002057036294,WIND_1,11.953676885086889,510726656,1197516080,365381063,75
mc777001-0076,MC_0076,Monte Carlo sample 76,SENSITIVE,288,5,1.5059750880000138,1.4778915829997459,8212.796435454447,421.17316328022383,0.04878094119557101,73,1.0,0.0,-1.0,33.016661595288205,44.08148326197514,342979.13004960783,4211731.632802239,1819.378019880644,0.2830934704942227,0.0,0.024655209117503477,168,171,260,445.0,421.17316328022383,96fed0fb6eb3b774eb975adbbbab07a781951d5cb58601ed08890bd6c19481eb,b5a56caf0c454e9efd1c6464adbbe09c08e756104659879473b39ce12515c66c,2c5f6f5701388c46030cfe51140f721672bafd0e6ae658e473290be35ba2344b,71f2821809205b0f8dcf1d98d64005aa1b47fcc64a781b3b33e853aa3b852778,f5e84278cb0bd5c4a687b8fedb00cc97f50245df970dd2a9a51cfa419e9af183,0595d5bb9932e93e1c9ab69b82497764846bf519440325990977b4ede7fb8362,485d7debd7e9c6962eb3cd0390fa6f86ac7003f463a5716999e9c5a82010c8aa,76,1.0855334493482909,0.607156973013981,0.9562186622940406,True,204.0158143182797,True,0.7927982514395472,WIND_1,13.96617887662637,1648889258,1517016821,660111883,76
mc777001-0077,MC_0077,Monte Carlo sample 77,ROUTINE,288,4,1.4469558730002063,1.4207611179990636,7675.007076620726,0.0,0.0,0,0.8417999393504997,0.0,-0.011554206864727972,0.1501776040780503,49.98574393592956,358891.0497464899,0.0,1996.6891936076265,0.13307304833566502,0.0,0.0185680318115388,,,238,55.0,0.0,9c58c5dbceaf72b239c87d16025d87c83c3e273d022bcc3e6e9f9d3c0e233820,618ed8d95a091bdea3c661bcb8386406344ea2bba81132409151fa4e96d8fbdb,681d5639cbc4779bfc07b93b6bceae4684164ea7be1081864380c934f93b4e47,5894192f64a4555eb3c9d323911ed0941814d8de728611f73695ecdd3a5de192,42e831649e0830169b8cf5f85d6dfabb29c58f534885218b21d98599cf27dd6f,b401c1b6c7c8aa960f2840909d41780bfd4c5535fb8b70d83ab22fbe29801775,d7fac0bd9115eb909297b5f59e66770db188120f140e95552ca7a10f59537cbb,77,0.9697172334574353,0.33587538585880006,0.1760884608699845,False,121.40200694869172,False,0.722203377458546,SOLAR_PV_1,17.856812579583714,1851617,855419857,1228881129,77
mc777001-0078,MC_0078,Monte Carlo sample 78,ELEVATED,288,4,1.4773337560000073,1.4502190209964283,7367.338123872998,0.0,0.0,0,0.7724944037304711,0.0,-8.711714503025033e-16,0.0,50.0,273569.2913641931,0.0,1696.9097127561881,0.2754647333661656,0.0,0.017551864266049745,238,,,,0.0,06ee593395d8f9b9c0a7d4a99eb23238a90453a028bf22302a475e353d6f3418,44f48b71b2ba323cf4b20c172c626f55f5434c3b4d0086798fbde23f9096d080,a4cb64b796df2f48a3a8f0790014e601659bfc9b0cd968d34f8aaca8d8c9babc,9a55355bd78cc045562842c23bc80f8bf36270cc2bb1af7190fbed9d7872b864,76e2b303b022b347222fa4c1c1d54a3058171cdb0feb918765ab12d8f4293349,832da16b66c78d54b64fc462ea39626c5c85cf6d5d85bb0a6c5f0c7a85947e67,4df12619c4c69b5d48d6927a5ec2ab7c9e6da65cf5a782c4951083d1974a7ca2,78,0.9311186374346462,0.5589007675820166,0.5020597855583621,False,118.83849909511036,True,0.5561027713169748,WIND_1,19.6691965345192,386513587,2119744991,961253724,78
mc777001-0079,MC_0079,Monte Carlo sample 79,SENSITIVE,288,7,1.517718466000133,1.488703248994625,8667.71656276823,648.9106457465354,0.06965081152474095,39,0.9999999999999998,0.0,-1.0,14.926966859220116,39.95563839984693,352247.23450800375,6489106.457465353,1787.9893965768265,0.29173836185885826,0.0,0.01940145170461864,234,234,268,170.0,602.974387826485,43c99ab9f3e490391d922bda762ca2935c21bc9cb3f71500aa8e54ea557e09ae,95f6ad6598f05def3e77b57c5cc6010125dc5f27976cc47ba9edee69a22bd37f,4ce8dfc6e004ae0b305d982df79d27c8a79ec7d4c8f0af1e6dd052c03c4afdcf,9e6d4638d808b8bab6692efbde03f2561cc9dfda147d039fb7be31087d75f41c,990d5f5fa824053ccf3a6e7abb4e5a59f64c40b346fffbf22620d464a75e36f7,bb343a73a402a82e7831285b8cbcbdc7332a5c886d7d51c866f7ecaf0602230f,35552f841b31aac206423096deaf5eb9dfcea1d87eabf2d149dde2c084aaf828,79,1.1687276334819106,0.8292555335983681,0.7193388782749471,True,131.12953464336937,False,0.40768538320095493,WIND_1,19.219075637815386,1585664764,320257672,167676226,79
mc777001-0080,MC_0080,Monte Carlo sample 80,ELEVATED,288,4,1.4523318480000853,1.4240070189975995,7953.3907394093,0.0,0.0,0,0.8481526226176125,0.0,-9.521713441754678e-16,0.0,50.0,292069.53380013176,0.0,1736.2980386734268,0.30116354872288786,0.0,0.01704032416369419,168,,,,0.0,ab8ffa7b6a70c061012a1a054bcf28738b543dce76aed87fa172240decc4fae8,daec96e35f8fd85841149c3085688c74744c420e3d45410965a57533a0c6e791,e5edffb66f459928f09330d016896f3af91b51d9bff4910a85544762b7531f5a,93432922f0c0556c835223153ea383378b8b78d95344effc5c5dc5e09febb0a9,e80e3273947857d85990b720a53b79946161d85f9775e4b292a23c0f29bce9b5,50d9cabf470a3d88b333b587df2673559b9a6b25995f2f723d460ab52f73fe64,872ce26f14651fe2835d39bdb70f39cc5c3e1db0820638262eec03518426ab51,80,0.9962253762199237,0.47239334700679414,1.0540662107855097,False,204.88008360381298,True,0.799927745358484,WIND_1,13.95036689111516,2012320631,1773020486,614484424,80
mc777001-0081,MC_0081,Monte Carlo sample 81,SENSITIVE,288,6,1.4813300350001555,1.4544260760035286,8665.983453577728,286.668347172436,0.0320204955528836,35,1.0,0.0,-1.0,9.204474954673465,40.85185143885329,329323.82581940864,2866683.47172436,1862.4815016965456,0.3047724856003179,0.0,0.017727569452773602,244,244,260,80.0,252.7921286372909,51964a3c92f5345a71992dcd61215fcce23948969f1c773f160107d81b5dd5d8,ed927c0ae1707db8210840870756a1e05dd2a3cedd0b1f9c3e24f5ef0957a001,b30ad2378ea4065e15f0a97f4cfca06734f5495d8f8e3caf3ad1965fe9125b9f,40ada836dd731bdcc3165129470f3352c80e4a563de1eaa9827a32f13d58886b,28ace5ab9e52abf0ecee023eb1e6bd5be483a268899834f7eb168bbb5c133ad3,cdbbd4da13c7120bdd8edbaaf9b4de7cc47b43e92fcbf4dd722945bd39468fba,193d0e58fc11c3954baf7f1e7df1c99404a3b96af231fb2b96424f46f97ed5ad,81,1.1299669362246836,0.6286838612319214,0.9495359402494924,True,60.50640259116742,False,0.3355140799426476,SOLAR_PV_1,20.0500184791768,1811081052,1404093042,837859048,81
mc777001-0082,MC_0082,Monte Carlo sample 82,SENSITIVE,288,5,1.5111696849999134,1.4833511680030824,7315.247251692958,172.47158036917455,0.023033928521815974,26,0.86731903171759,0.0,-1.0000000000000007,15.460806347400899,45.68360340974711,281706.52460481104,1724715.8036917455,1592.3131568141384,0.29600535499842184,0.0,0.018587183595864795,179,182,209,135.0,172.47158036917455,0926fd71c0434d6d29d5e1d6f0521393f5d8f3ffdc4888b4f9ecd03973d26342,9cb3325e95a2ae5629219dbdc4f906a45e6151384739fb3a14d4ecb56996efd6,3ca86ce66449db431c6cf7feeaed38bb240dbcfcbd5b4054198ac27e4ceccd36,d0037cacc3d1ec64e262f80f7f811585011293615722aa6e5660c76bccefe383,1673019b800019f5b7e1a17a5d2b1106e876f421d2ecb573c29ec65751936163,96ded849bc749637efe5c41f6ac03bc4142268d673fe39e61edc0e605c3d0a85,8fe250b4080da1ed9b050ce627a6274385c13bae3afcdbb03f8fb2e23f115d8c,82,0.9463193064707295,0.2700557796171714,1.112962158533191,True,124.48456494924105,True,0.8361751754793354,WIND_1,14.893380871711502,1466245677,218804820,189992492,82
mc777001-0083,MC_0083,Monte Carlo sample 83,ROUTINE,288,3,1.479932546999862,1.4532450659999085,8123.966626600756,0.0,0.0,0,0.8125360139200057,0.0,-5.474463713015587e-16,0.0,50.0,311485.42995634157,0.0,1783.6645663277754,0.2725484970839334,0.0,0.020430593648070403,,,,,0.0,42a6c540df21743be3b308f320a8189abdc16b3630f11e3ef79fd83489da8c0a,1e40adc74b638ca8bf54212a2f9bd35c6e5f68bbfaaeda3417c3ddab98760902,4dd5d2cb4bbdc97852f934767920b484f2c9aee4111ab56fbf21d5191e6fe3e2,2827e078d1dc0779260be84a9bbcb5b4a19ad9540b8a1eafc487660146e16632,41c70d616e472fb7b41b803a379b51d30f183cc6d451b86d10b63da10e19bd51,a9c3485334864b1c42a10019182db6563788ccef7d7128ad6a450d191b81a91f,b94830b7e7cd662662ff15849ea9952436bf5a466d1eb81674b9fee0c5b60793,83,1.0266947101251633,0.3597583023074179,0.9619054847045084,False,200.76709279759368,False,0.8903006632536914,SOLAR_PV_1,4.479630544064197,425048478,367286879,969391902,83
mc777001-0084,MC_0084,Monte Carlo sample 84,SENSITIVE,288,5,1.4595654089998789,1.432252453003457,8599.026165498546,270.3172277413676,0.030477704578153953,35,1.0000000000000002,0.0,-0.9999999999999992,36.798502940954485,42.107257025227014,325841.7232262806,2703172.277413676,1893.7655461282925,0.3097445884403864,0.0,0.019275304668799714,209,212,262,250.0,270.3172277413676,608796db86ac74f21249821fcf5b164291114dc24e979d896f8211a07964be5a,838fcb0b36bd8cdf508300b67c1991f04e6c0200097d73af3c96ae79e061e690,53b20d1d6bb209e07de6f9cc5b2455ba5f52ac6e68864f0512304eb1dc12cf73,2993eff745f8d06e9720cea7842265a2d4f118a70984bb2046a181c01880889e,9dcf44d4db3321260a1210e10647eac73bcf91a7bc5f2930fc6a3a8d2abdf559,fc3aeb210affec8ab0f5a89115f49ed65a8dc338734d9e1f623daf78b0bdd181,4e96138dbb1c111b083ae3641ce02fac23a037ac0fcef694595bd945e3200374,84,1.1190675422656169,0.3966394961689833,1.1453460404247906,True,60.69039104359011,True,0.541751195401058,WIND_1,17.365904626906477,853061623,1885170328,1157678520,84
mc777001-0085,MC_0085,Monte Carlo sample 85,ELEVATED,288,3,1.4389404749999812,1.4117593849969126,7889.742423402442,0.0,0.0,0,0.8234921421563398,0.0,-7.378793526299833e-16,0.0,50.0,308786.48831186036,0.0,1772.6524300797857,0.26331384018591364,0.0,0.02093450455332888,,,,,0.0,d0e39913fffd3f975c98a686b1015b61658da67d081cb7eeffe341cf93dfa41d,f4fa50fee22b6ade24c311742a55c2364abc98fcf996b2f681b9b5df76679490,9f7be1b95fc35d706164ba10985d65f4dca39aad2b46999c3618ef682fde4522,2be2524edc98cec9497f3d52d360b792a5e380aca5e8ad62f0e4700707a463c7,5231936fc5f2733c981fac8a1f4eadf06ea6783733f8d8f9a0b4ad1264c9805a,37cc8d98568f373c7b1e63dbb139849683d4061096cf834f953927432c6d32f1,852204f9a8487490d415c20ab9eb68dd8dc1f16297482f2413d2cb82f8733d36,85,0.9910698566996043,0.9221674887662673,0.3246133587529751,False,221.06990157885295,True,0.8623574155639557,SOLAR_PV_1,19.679756294222948,1538097106,1682581531,2086632261,85
mc777001-0086,MC_0086,Monte Carlo sample 86,SENSITIVE,288,7,1.4583902709996437,1.4314127389970963,7770.640901322662,231.33109640384973,0.02890926092587859,41,0.8940488947310592,0.0,-1.0,36.13152798867978,45.17785736694796,403637.29582216754,2313310.9640384973,2000.5258590478861,0.10858234315788705,0.0,0.024057592658693346,165,166,205,195.0,229.51972091854876,8c323193826c76824f141a9572f443356752956215d0325d9ac4f3839466c752,8e23e025ea1d673e9323da39ee026cc70db376f35dafd86f4feb03e75075c89a,feef7c87752f10109eef1638b32fe89b749287c335baec145580b8002813386e,4536d4a3660815148a926a6a1bcbb24b7026b62c0e72cfc684ee735182687869,278928a809763f9bed42de94fe700040f7dde6089051423fc4a8543b3af479c3,3842d0cce51b1d060b9c2799329a51126d64159cf185af4073959e4402b69e00,21be62423d1cc230b2cd669721a33f0005f8a44138b832963259edd9f34e2e12,86,1.0134647054606971,0.3836645334228592,0.19093621281519754,True,191.3963014230539,True,0.7834842962517963,WIND_1,13.419395176817778,1639283409,1616352615,1868880180,86
mc777001-0087,MC_0087,Monte Carlo sample 87,SENSITIVE,288,4,1.425010334000035,1.3988875460031522,7280.543788370925,0.0,0.0,0,0.7567576225566859,0.0,0.15247481251226164,0.0,50.0,251569.75778313124,0.0,1466.651174643554,0.3365959693978476,0.0,0.02230671183674227,122,,,,0.0,77d9748aa52cd6e03bbeafdb5cbbf2fa0e16d0a3e7a4a3befb40a87984289db9,fe330e372faa08c257e13d2a463167fd4406363afec91de9a907db40b250996c,c8697bb1386492e93bbc2056875d6ab381a355b21dff258253400ec3498b81fe,a909fdaf78531e481c1a2e9a1511841a2ac906fdc9af2d2f1359458493e3e47e,86bcce49423fe875f5dc092da8042571057a3eded519503dfa995a2ae810744e,b8990f38898940d253bceca588c66db132d17b0361b234abf383bbd6f06ae835,6b62a5bac57affb8c13054b40f218e8f464888049d616e24634b6e0a4f01f1a0,87,0.9112358860405123,0.7832073131276788,0.6543093670246625,True,123.15078170077888,True,0.7370813087447265,WIND_1,10.111891661007803,1699716310,1142510342,1853181189,87
mc777001-0088,MC_0088,Monte Carlo sample 88,SENSITIVE,288,6,1.4958133469999666,1.4683197089989335,8027.372951431061,0.2810782205465519,3.501374368007616e-05,1,0.8656496722078936,0.0,-0.012845304410208324,0.223398132166506,49.88756871178138,389911.8773971868,2810.782205465519,1941.6978387179686,0.1418216349201686,0.0,0.025781615472257057,133,,233,60.0,0.0,9c9d7bfa429598a62a248a581a7f89e52448544a3f4351cab4baa4a0e4a8cd8f,f02138f6bcccb4fe3b09d9761fd101a951cd0a57a61bb3e5c94aee3a829dc57b,8370705928717060b411f16c0e88944c51722beebeef8f56c4d01c2e96ec9272,213ecb91bb9a16ef60c55c8ea5cb684dfc60cff8522b7d0fbbb1e9060c5dedc5,68b4152e5262b1706e326011b12c345f0309c91b289c3214d09b137c75afa245,9c5aa0c49588a44d595e77350a3dc7763262a66e05b393252aacc9ceb7e22771,8b7c6d0438c687a569f2151cc1e35365ec9535f11069a1cdd7e1aea62ad32754,88,1.0150875077147636,0.40220650789131335,0.3349531584927991,True,114.91605419113591,True,0.37418952223455787,WIND_1,11.05241044411093,1505182539,419300616,1283684308,88
mc777001-0089,MC_0089,Monte Carlo sample 89,SENSITIVE,288,5,1.5729503689999547,1.5461474789990461,7852.531761238325,49.24752282870122,0.006232459938232246,21,0.8065746250707795,0.0,-1.0,32.32738754785083,47.79310876498256,309806.628971818,492475.2282870122,1587.7676543346472,0.30647099540474876,0.0,0.02264181926522821,63,69,105,210.0,49.24752282870122,70787d5c62d7f2d14a466e51ea861512c2199529558216aee1e2bacab02924fd,ce07311705f72627ee99745fb856589d9b4f8162f06780fc9b3ca641b146086c,72bb140a1957ab0b2d7b142b8212838b73462aedd1d0b806d535a77914df268b,eecc24755951db27d34742626e482b2c0325e768d3a7c3892add079c18a02752,91b8b15abd5ca1def8bd7a8f44b2b16c1c91d4a8925900854112bd733d4bdbab,37d8524b3c6c859675b8186e9e4776f541de8d7ab2bd40d2dd3976f4d437a008,e5c49677071cbf99eeb1a5c82db89e214f75abecbeea29593e79f171865cdfeb,89,0.9958340000960799,0.5640594590038261,0.781767942576506,True,236.2104416661123,True,0.7107717495223032,SOLAR_PV_1,4.939726149822788,773307250,863335973,717540483,89
mc777001-0090,MC_0090,Monte Carlo sample 90,ROUTINE,288,3,1.4675387869997394,1.4408515580030326,6665.532006320891,0.0,0.0,0,0.9281744867865086,0.0,2.1541439079906457,0.0,50.0,188359.6212884672,0.0,1248.8658336076785,0.4321988878135163,0.0,0.031714668569959595,,,,,0.0,b92568c27c7ec2a72e93896ed8473d3449b8063940a4c04cdd597fd4e4c05d6c,f0bdea551a7623ec561181752cec9098b1d00526b4cb45103c6169ddd5747a27,225e132a32769d20998e47ddeb0dd7e693035619ac98e43549a152d1fc356b5c,f148a2d9fe024dfa3aedfb581af682bac4dc7abb24bfac838e75194279a96139,aa9c2861d5062210093ccaff21b095b3b5fa400948bd19378ab06bd818968e0c,ee91540bcbd49f8f6b2e8c7bdedb03ab6ccdd149701f5ab28db5a8874d36d108,914f296b4bd6c9054f3d9fd9a789660ce02ffdc9f7f60a74a287ea6e4e83bff6,90,0.8378705160338881,0.6970555240526053,1.0795264414517056,False,184.70003071652377,False,0.5772449876577406,SOLAR_PV_1,14.849139857703603,436808599,543987888,1829204875,90
mc777001-0091,MC_0091,Monte Carlo sample 91,SENSITIVE,288,5,1.4496851160001825,1.4227150930009884,7337.375510867851,412.10642345170703,0.053178577219032123,26,0.9148907880782174,0.0,-0.9999999999999992,5.1342401076542235,42.786682902562106,361056.0480914588,4121064.2345170705,1896.6687975667862,0.11032499806724307,0.0,0.02207592943616923,222,222,250,140.0,412.10642345170703,20f7a16724df5cbd0ec692685352b2cc0c06a2c86257b1de9fcb15cf8644404d,4d860e910b7dca7e4bc5691947465519aca607bf7506c365aec18e4d578bd50b,074753f008dfcba4aedaff06881c75a6f0b31e93e6d8a86232483c537be28959,42815adfdf5fdfd23300c3b91c4fac5005098e59f9bcb0100891d57687525193,3cbce1ee325b98aea0861f399a7f332c30b788b35e1c267fb428cb30220a8904,b3789c58be5478de089422441df633df88faa4c6015d9f027762a081480d8066,f26272a13c98e4f2a77901e42c255cdaa29055798bc0b67ca3103983264d0d37,91,0.9700841377916577,0.26774695370695395,0.31733141753782995,True,123.12632087127801,False,0.7941165504375868,WIND_1,18.234571350479744,1149838150,1089402299,1094427268,91
mc777001-0092,MC_0092,Monte Carlo sample 92,ELEVATED,288,5,1.5578151690001505,1.5312494010008777,8767.071208354359,0.0,0.0,0,0.8572670052465211,0.0,-0.6623685427274713,18.34692156901594,49.270877289437806,356044.4527782959,0.0,2016.0556661915684,0.2537757843354674,0.0,0.018469085254753905,125,,260,125.0,0.0,bcaa2f855ae3363fcdf48482caad5304b5533d332b54208d9e8e761ef803fda4,afd1d2fe8a35f49a1e0a0b8898c454de7fbd26172aaf63e280a19bdeae5b9694,9050c29e8b1d3badff775e0a45f3c177157ec3ba7de36f46bd2485e438a3b108,66d192253ff844505aa4c673de11669055c95739ef43a09b71ae3350ff19060f,dd463924e34bb18700ffb943ce24b014509cb86e793aa6cbd7ce1b2d21944610,e83da523f3ba6cb218ac68fc67532c6d5318077a18ac4fa8a870535f6c8b81f8,7a0cd228fe75cfbb607bcac422997ce9a574ed889acff66a563c958abd3d394f,92,1.099493583434467,0.4062725928388152,1.1251248947212973,False,232.5932401807814,True,0.6465517813226674,SOLAR_PV_1,10.379142414843855,2036582771,34153106,1143926361,92
mc777001-0093,MC_0093,Monte Carlo sample 93,ELEVATED,288,6,1.5162900250002167,1.4875721770008568,8633.620823639572,2.627300172585727,0.00030421777314869466,1,0.8715277355423224,0.0,-0.6251608206853448,18.61641764657236,48.94907993096571,406273.76486078574,26273.00172585727,2078.2470702939677,0.15876659043991526,0.0,0.01862290669613978,153,,256,110.0,0.0,d7141a08c17ea03f0d2abf91019669fdcb762158218f8746f26c222971e58c4c,cd331fbc363ec51b8954a75799f4706e7c0cd1f1dff28a4acf674c037ee0630e,eb36f9d1a606322201c7d68743e584f035b4f5178ec2ede1137661aebbb5db0f,cf2ef69f03f7a234ffd7772dca1f69b76d7564f4f74e5e209ca1f3ddfbbca8b5,12fcfb5df2fd264c164f00d8908e64dede35f5ebfb3f6deed9ddc780eb275a61,4b28a171d4fc99c7dcecb943d9a3eee6b1acc3b1ba4d76efe9c6fab7990f4da6,da9b27a6c7b4bac77b06e3a144931f7634fc1e820671f34c220015ccac3f6a1c,93,1.082972274232154,0.7822529037667816,0.18841057558929006,False,223.63885419513804,True,0.5026096871484442,WIND_1,12.727925742714897,844502951,755665286,650883705,93
mc777001-0094,MC_0094,Monte Carlo sample 94,ROUTINE,288,4,1.4672714450002786,1.4413611890049651,7873.057381152996,0.0,0.0,0,0.8595484656788227,0.0,-0.018193248305292863,0.15291985383214285,49.97990995144702,316017.3984714165,0.0,1880.2240096293879,0.24220626246366742,0.0,0.020061078511047773,,,242,35.0,0.0,085d05ad86b634ea9d20c0213f74697c9b2c08806c7bcc3ef38eb5c3ac8eb964,f22982507526f4de934777cfabb7016acf568aca21dee04ac21164be1511e4c3,cd20844982f06f45dfcc9c6d90dda3d803afb509aa170dc888f492d03b195f0e,eed07c723b84c97fd683424ac6741fbce07f6f5c81f45a81863cb6aa530aadf2,854bffe819a52538b3c8161ad0583b8eae42ee0c0da13d688197af642c4578ef,9594f78767a83f030b7e14cc3c89df717e8af3df645213206190520946fd0af2,3a1e5f1c33d65a83b2ff5be31e8040177d3bc9f83604c0d06744a36bc5505cb0,94,0.9875228091435917,0.8592514371429492,0.30186226058860427,False,110.05507848601363,False,0.7460007102323705,WIND_1,12.317396387764733,1896589527,717386783,1395013594,94
mc777001-0095,MC_0095,Monte Carlo sample 95,ROUTINE,288,5,1.496684254000229,1.4704447260005509,9454.854803318492,194.83578862301832,0.020190884543565192,43,1.0000000000000002,0.0,-1.0,40.475175397180706,47.00118975524323,486840.59592307825,1948357.886230183,2282.893316530292,0.12393745214103964,0.0,0.017903570891915743,,0,1,5.0,4.838843510896524,f6a3153b59b5803109200f955b76fc45a67707832d4b3191078d97d7a6b734a5,29bd9e49b9364b6403569f2c9fb32b3c3167a7a4748545944664918c288d4da2,35df43b068b9807238221bdf6b59b3d17c919969d3ef61775f0b754f93044162,9a84ad95d4c8c4dfbff81312665d517a95fa8252f572cf45c5010e854e043e74,53c7e52406daa8dab36dfdae8834899a2cb844dd731412b415653b05041346ed,30399ae3a1f9c77736a37b4847446280860473354e5a857c2045fc69e883d84f,1a57434c0c5a88d9db0f4be72ede27e2917b5bb0bdf7ad53c21e31883c84a3bb,95,1.2087893498300735,0.2733339626346546,0.40524983157641314,False,223.6520635741488,False,0.5127547137173193,WIND_1,19.22211999205367,960528778,1986571419,276123142,95
mc777001-0096,MC_0096,Monte Carlo sample 96,SENSITIVE,288,5,1.4199016190000293,1.3937358230004975,7996.669236217466,0.0,0.0,0,0.9530520169719713,0.0,0.47503164524866254,0.0,50.0,232828.86092666985,0.0,1309.1842312613082,0.4443714485665816,0.0,0.02057009875437935,103,,138,5.0,0.0,436c877dbe1544adc6b11ed57481992739fe4d3c02f12093e70bc3ef53c11cf3,ccb640d78bca8429c355ce42bedda45715749cf2d80a51caf1260ccd71dadc7b,11c917f30ae8dbecca0e0743d697336565e6b9e7929eba2f23bce27617e6e8c0,f0132fbe024214a12e8d2307f979f240d6ce49917a995c29911f088ccdb041bb,4e6139eea6cc51f0f6c6132bd921dae9853b53d919f7d50d5746fb28ae9189b6,01b28589814ae89882419ab1ae205f9d570dae84a9780e2b97555832caf1d0a7,b842eebb7dceb847d499589ee692e5f3b5c7cfcbb2b7ec99c9657cde55f88560,96,0.9996625230961818,0.9994892539178863,1.1451935641563804,True,135.85970893040786,False,0.8261981021157763,WIND_1,8.266692313044182,1231382608,1039896442,1554121008,96
mc777001-0097,MC_0097,Monte Carlo sample 97,ELEVATED,288,6,1.4486326190003638,1.4208870780034886,8309.223774323007,8.699346835446253,0.0010458556431373553,9,0.9298226017114526,0.0,-1.0,32.306841645354865,48.89882369378186,389033.5077232869,86993.46835446253,2085.2656764628978,0.15456604658245138,0.0,0.01966786745341975,87,230,256,130.0,7.646661414326748,3292daf4ee6a4307b62821d19b0f8425e989e104f39da41b381fb0f4887f9e0a,cf005fadaecb70a9101fc36b696e4f485989a871b98a44ac8aab5b7a7f7c4e8a,69c0f5ce00e8e023c1d9a865df5e51f0ed18db1ca3be76394812c877fd1c2609,e83e310765ec7ee47ffcc7ac60a118c137c7c8115415f46e1671dc4045684e2f,0d14a49798cf3ae33e0f55dfdff062cac72d1deecdccc204e0c25d721e83352f,f58d1cae9969214bcfce940e7b8def4839f844c0e76e2881bb292418356009e1,87674ebd2389a9de5f9892e3c0015e5de8fd3a677aa4da22b72c01bf4d1bcc0d,97,1.045487202678087,0.5241749372748494,0.3331150488046571,False,125.32681037108135,True,0.4373826272137062,WIND_1,7.219603614101938,434623252,1631913153,1255142258,97
mc777001-0098,MC_0098,Monte Carlo sample 98,ROUTINE,288,3,1.4065952599999036,1.3808094709997931,7354.38628142162,0.0,0.0,0,0.8865314393877558,0.0,1.3005060247444944,0.0,50.0,198808.03122868965,0.0,1273.5386480739335,0.46130322283428776,0.0,0.020369889578277466,,,,,0.0,88d32124f8bc42d1a8a64669854254460b97678e4240fb434ef548db50f5e298,093414a4aa0a27128fa9c2546e86dac894120ce766d9c09d2684d278295156c4,0b376f0fa0406f97a67ba34a66508ec757f4bc5f4e5bc97652451425ce1eb8b8,ae2bc6f38ec728d84eb3478396d6ec1a34b3c6925a02397be5ab2c5a95c2321f,415a50f696d11177df223d387f6b0fee1a4d0ffc063d69eb8622684e6acd49bc,345c740939b292062a3bdfdc61c83fd5c0680bc030ea9bf2ec6ded3cc8b436a8,7bf46d5e2d9feeb17ae4a36ad2a40a3cabc09022e630070e5d6e0f0b5b9c6a74,98,0.9189051622690076,0.9045304964833627,1.0837247718328669,False,114.48283678949602,False,0.45796207128667055,WIND_1,13.739402115637093,1989884773,1884742720,1275614930,98
mc777001-0099,MC_0099,Monte Carlo sample 99,SENSITIVE,288,7,1.473080306999691,1.4443620579995695,7949.058022604014,64.04850216835845,0.007992967767288963,23,0.8750918710802582,0.0,-1.0,7.637837893322882,48.01146127322711,386971.6959895341,640485.0216835845,2012.9857440399485,0.14153104929574245,0.0,0.02275012037456525,128,131,156,125.0,63.85776405231636,62493d0b66135115c974f7aa2717a8b2a0bf25280b8112b6375ce7024fd59956,085021db508227073a4b0aeeaa0e52cc217b5bbe7a7b46b3e013921c22227452,5baae5c0400151ffed9290c79abff13667e5e57446d4a9471b1dbb596dafc67e,fb94d4cbd9cd6cc1f934db4907c6571f13a095c46108ff5dc6e655690ca8ea36,ecefb5bdffe1ca6bb1c121b5085602cabf1ca146e5a683b97c9afb811f4408a1,bd186dd8005d8a198b47e82f512f68bd2f8e1c433e4d08591b44bb9712eb5e59,239b6963916da0d68a36c56adfe4f9cd2ffe049c8d87506070711c0ef824dc9d,99,1.0078093600351157,0.48531838157861207,0.31381737770106205,True,118.52116733876429,True,0.7488953307725158,WIND_1,10.623396284355817,1937149013,123680814,1827726863,99
