artifact,size,sha256,category
ONE_PAGE_SUMMARY.pdf,682,2cb60c271b5c471b4d7e55d63e569964f8dfdb626b318172731de22bb1024b8f,artifact
QuASIM_Full_Package_2025.zip,1670423,6b8e0dcb9e0691831fc25c11e42bf278c9dfcd8b09e930a13362fbc7980f7e9d,artifact
compiled_realities/runs/20260118_103619/fig_chi.png,105212,149f70f516f370ec5b3a3c721cc26b72f19f66472ee6182013d6861d1da4fe76,artifact
compiled_realities/runs/20260118_103619/fig_slab.png,98337,7bd8c5cdcafa6b9013baa85ec2e27ff97785b3150c2f5d13a6f87416b2803249,artifact
compiled_realities/runs/20260118_103619/results.parquet,31885,286452f4cc07cc971c41ee9c8d7b464a03bb9dcef95b5c57451a1e48cb727e2d,other
critical_scaling.pdf,33165,71b2d25f662fa92d51c559c823926c1eeec254b65719d375c9c1b0b0ae92f950,artifact
critical_scaling.png,493424,63a23a2354e0bf73ac23deceddfc2fa53954f2e51bd9ee2adba06966f2e2c344,artifact
critical_scaling.svg,106874,8ee63957ade230701c878675c19517b1a67c0108ddddca0afcda3a357e00c6d8,artifact
dashboard/assets/images/logo-quantum.svg,1790,a4e77a38f80114eb7528991715303fb188a988add987b4f5c57c266a8ebb09dc,artifact
dashboard/screenshots/01-landing-hero.png,1309620,048a3cb6963e68482c70f5fa2c744537e4e27de1a1141372cdfd07aa1a97855c,artifact
dashboard/screenshots/02-dashboard-main.png,37219,49f6c7290d9bc95a3f28710ae6b7c6a9162c4955e79fe31d7574fe9d210164b6,artifact
dashboards/qevf_visualizer.ipynb,2112,2c8968a49ceaab33a44dec3fba1d685c339279bdd49f7c8dc6aa4bb32b9c4d04,artifact
docs/assets/quasim_logo_dark.svg,1865,e06b0a00dc9f4631c4eb9d7b19651bf858cafda50bed9709d318378a6752c635,artifact
docs/assets/quasim_logo_light.svg,1865,126833046c4c739143e8a6f290f391e743f4a0ffeb420d285984d9ef03670721,artifact
docs/assets/valuation_dcf.png,136028,d1e7a6e11e440e336e9fd5b1bbffa529f47de98b110b58ad92865d3ddc9eb6d4,artifact
docs/assets/valuation_heatmap.png,204822,660fa37cd4fae7e98a8eb751074fc439d38fe4a82e6868234362caa452107e28,artifact
docs/assets/valuation_waterfall.png,147171,13bc020c8919f478b43456b9818091a07a18f51a6d6b79186814f2157525d87a,artifact
docs/supercomputer/compliance/cmmc_apex_framework.pdf,76,6b59d0df011e4ebc473f5ad2be032ccfdccb9e331e63119127ccc3becc711dd6,artifact
docs/supercomputer/compliance/do178c_transcendent.pdf,76,f9c0fe446dac86a3b299a6aba2f8946139b2dc8db4e49e8fa9c00bf1c804c235,artifact
docs/supercomputer/compliance/fips_quantum.pdf,69,c40996eda68e3e14949e1a2fb198be93b62954a9796a7125b9366a8c9bcdc9e7,artifact
docs/supercomputer/compliance/universal_export_clearance.pdf,83,eba00d65faafebb1cec803df04d46a0846b3d33c2f779704e4960cd5ae29d4a5,artifact
entropy_scaling.pdf,20983,02659e4405f34ec7b4757d31d36081b2b1ad3b79d88f399757a5b79163470616,artifact
entropy_scaling.png,195321,1c606c3a3fdfba102e3667afc8c9c504e09eec8094806ca78039b579c823c022,artifact
extractor_demo.ipynb,2301,4d82ebaf681819806fc371a3641887a5c616f5d312a30f3889069d4b3fba101c,artifact
main.pdf,119115,9864e5e28ef0409e31140a9f584850de692945da8ec1713321a018d667e6b0b7,artifact
main_arXiv_package.zip,525241,e324359fc95fc7d3c93b86c74e914e41dd93ac55d1647564d07a911d4f5f44ea,artifact
main_revtex_clean.pdf,395176,bce88a87c937a40510056ade14f8eaafd9517eb7091678a36de241dbe775919c,artifact
main_revtex_final.pdf,378749,ea20100659eec0cd1a50708a83c6ab671dde03d538fbaa87b56a4029952532b2,artifact
main_revtex_new.pdf,221412,9e08902c9b44c1867bfb148b70fe0e45a5f585c81da6dc3fded9404d2bfcf423,artifact
output_package/visualizations/architecture/arch_view_001.png,22066,8c28bceef8527be715bb66f7c23d95b9778806e48840b7fd26d85f8f31a413d8,artifact
output_package/visualizations/architecture/arch_view_002.png,22453,992a4ad5aeb361a5765aa91256e5a6814e8ab4fe8a1e23155cb41e11fdf521e3,artifact
output_package/visualizations/architecture/arch_view_003.png,22669,5acda3253017a616d58cdbbc1c6157701133af0d1418adaa37b6fb2308dfa313,artifact
output_package/visualizations/architecture/arch_view_004.png,22248,efc4a70c47f1c11b409fa49db2312c8fbe38844bf6800687118b225d04d1a7ad,artifact
output_package/visualizations/architecture/arch_view_005.png,22421,57620ca757946c4b9f895ce6625c71510d8fa21f0a0dac6b485856cceb4c4258,artifact
output_package/visualizations/architecture/arch_view_006.png,22643,86c82bc412b050e048fd8935ff0ff4c14b4669a9fe3f87c5a2349fec2aa52f62,artifact
output_package/visualizations/architecture/arch_view_007.png,22331,47c46811ec3a4d150565713da056540fe22cec85304ef35ca62495431004ca78,artifact
output_package/visualizations/architecture/arch_view_008.png,22694,5dd865720824266505080d9deb577d6e38d1c6ba9ae4e17b7b68c875cfd383ab,artifact
output_package/visualizations/architecture/arch_view_009.png,22692,7d077da8f6e643855a669e3f041132874170e6e5627d98da9b579db8f8cb6509,artifact
output_package/visualizations/architecture/arch_view_010.png,22705,70ee10f683c268c05d39acdf86ca59c3aa2667c2d01050424d0983a9e63b72d1,artifact
output_package/visualizations/architecture/arch_view_011.png,22274,b4360cdade927f8fa6afdf79b3571f55fc483abf2bd4ea9ae6a2672f5ac37d66,artifact
output_package/visualizations/architecture/arch_view_012.png,22639,f9ef92af7168a4c9467e5d99b15325d5074f95e682757b032dba87267d5a591e,artifact
output_package/visualizations/architecture/arch_view_013.png,22762,799e2c233606d6cf547db833b4d31078d7652f227eebcde2ce3e2b99dd5092dc,artifact
output_package/visualizations/architecture/arch_view_014.png,22407,0b51ba994ce38ce179acfb3d82e570a681de2ffbfc278981e65cc05e86423b02,artifact
output_package/visualizations/architecture/arch_view_015.png,22570,d2305560777d7e3c7400c05f7bc81ad3e131af59fb2504d9a0a18e6a9a2c5907,artifact
output_package/visualizations/benchmarks/bench_analysis_001.png,28877,5a873587aeeddaff07198407fa5e3a8f5a40c2811dc061a0e1449ee11ef54eaf,artifact
output_package/visualizations/benchmarks/bench_analysis_002.png,29194,e833d59fa7c76c65727066aaddd426b54aa6a64610fa7da1fab78b0558a7b21f,artifact
output_package/visualizations/benchmarks/bench_analysis_003.png,29262,fa230ed4c9925acf3411e55eda22761b8084bd817e2e3947089c9f47ccb4c105,artifact
output_package/visualizations/benchmarks/bench_analysis_004.png,26903,10f224707b29a232a36ebe15935cd3cc53a3c67de693ddc13a24907b63d3f701,artifact
output_package/visualizations/benchmarks/bench_analysis_005.png,27046,85b6663f01a9a7e1b06015a7d016d629670d6cf7919951f4f7afc842b404a524,artifact
output_package/visualizations/benchmarks/bench_analysis_006.png,27456,870735f556befd5a76bd5aec9e4fa64c2652ae5728fd4794d435b64455905a67,artifact
output_package/visualizations/benchmarks/bench_analysis_007.png,28267,800a6f5721ccfc453a2ed1ff5100a63816f7170bae7571437da7155ffd63e0b7,artifact
output_package/visualizations/benchmarks/bench_analysis_008.png,29212,df3fe4e4876a0448d9c72448e3fbd6c607531e868453e957adee5adb98b99cb0,artifact
output_package/visualizations/benchmarks/bench_analysis_009.png,27217,143f35592ea615ad8fc11affcd7531a83b6a52c45e83984d7fe92637e9fd1d8d,artifact
output_package/visualizations/benchmarks/bench_analysis_010.png,29471,33356260b099dfb6dc1cccd2cd2979a7200d1fa3fd24e44d5e368457813574dc,artifact
output_package/visualizations/benchmarks/bench_analysis_011.png,27110,d32da2bbba2f5159874b9e6fb5a643ccd9c748361681a2d2c7f32b57c6c361b5,artifact
output_package/visualizations/benchmarks/bench_analysis_012.png,27313,d6970b26ab8ecc20b412e3a64c2e0d6d6efc186f4424f870ed17668e99c760e2,artifact
output_package/visualizations/benchmarks/bench_analysis_013.png,29476,3f505e0b93ecde68e297afab73f4c6a13420fe1913b577864acc66d2004ff358,artifact
output_package/visualizations/benchmarks/bench_analysis_014.png,28627,43f1fc3c14406ab7c5dc16f4c618fa0a624aee68ca77c1cd7697cdf0a7a33e76,artifact
output_package/visualizations/benchmarks/bench_analysis_015.png,29217,fcfa68840c5d0dd391e9950dec48d9f38efa1cf290d9af33ddd4d2a3db2d0b2a,artifact
output_package/visualizations/benchmarks/bench_analysis_016.png,28806,c48139d105db91cd169c1aeb97c555c1b5496eda437d99c7b778fbfcc156fbc6,artifact
output_package/visualizations/benchmarks/bench_analysis_017.png,28418,d502529d92ae8e51ccf97495716e9a3893bec4946430f24743bafbc79f90be50,artifact
output_package/visualizations/benchmarks/bench_analysis_018.png,28849,db1dcc3184749576a1f2dbc6009ff361dc5a5eb48c0589f5ebb21e455fb82fce,artifact
output_package/visualizations/benchmarks/bench_analysis_019.png,29367,0487db90e9f46f47ea124997ba44b0a591b7519ef943d13a2f2a765df97a27b2,artifact
output_package/visualizations/benchmarks/bench_analysis_020.png,29086,cf829e8e13a6063b8921ea83af1929c8a7c3ee5639329ad7572e9907b59abf83,artifact
output_package/visualizations/benchmarks/multi_benchmark_comparison.png,94269,8d40dfacda12837b7f9066161d02b49270abe3444b82f80959259c70f5ad9189,artifact
output_package/visualizations/bm_001_execution_flow.png,233316,181d0c25b3febddf69dae66202553d3dd9a5ecd169010764c8a8b9b018d2223c,artifact
output_package/visualizations/compliance/compliance_001.png,43464,381a50e2d6d4e384c07854453d73881a486bec7cf610819baaf981afb7240bbf,artifact
output_package/visualizations/compliance/compliance_002.png,43770,41a2d1e36cbc6b3b12172e5e77d6ecff622539a269f9e47589a3270724d11acd,artifact
output_package/visualizations/compliance/compliance_003.png,43930,3ea1ac69a76d65155d5a2ad249c386ff3636e5435e5b60d69aa53abf85692d0b,artifact
output_package/visualizations/compliance/compliance_004.png,43670,aa3ef38b38609e3fe212c816cdbe4673e5076d94c05a1019c6b15950e0865677,artifact
output_package/visualizations/compliance/compliance_005.png,43791,0f130ebb9d28ba0edbcc6ad7d65898a0377935ec5e3a110caa8208834bc14e60,artifact
output_package/visualizations/compliance/compliance_006.png,43959,bef3ff7c279514af869d1dba72de1de771563f20dbfa50518e44f0ae7c98682e,artifact
output_package/visualizations/compliance/compliance_007.png,43629,083359f53b849a9eb19a1c1f4e1dab7587716eb967c6e084c489b09d4515e60d,artifact
output_package/visualizations/compliance/compliance_008.png,44003,9c641d1858bf90454fc747cf9c30531bb7969be19aa5e5c2945215d70b8bdae8,artifact
output_package/visualizations/compliance/compliance_009.png,43976,7a3ef1f5f932d7afc14be5643b0a238941766d63cadcdc69463f93f042a87591,artifact
output_package/visualizations/compliance/compliance_010.png,44037,ebb75ba181176c6bd2a9ec740498de57abcaaa7bcbea381a3d3d025c13cbc011,artifact
output_package/visualizations/hardware_metrics/cpu_utilization.png,162500,311ea4af4554b6bf9e217fb92017c8bb1744c48479f6100f87c36aef59c7be06,artifact
output_package/visualizations/hardware_metrics/gpu_memory_usage.png,94346,a539f0acecd5736ce73261cf34c58e16655ae10734f655da4de48de2336cc5fc,artifact
output_package/visualizations/hardware_metrics/hw_metric_001.png,73587,a52a666413503867ff8905fe1f86b3e2ce7a3820ef553f7db69327e06055a417,artifact
output_package/visualizations/hardware_metrics/hw_metric_002.png,74033,634be72b92377a446a742863379e1600f626cfe39ac74d5b3a2163779cf00960,artifact
output_package/visualizations/hardware_metrics/hw_metric_003.png,73292,0f25b8e2087db8916c958aa13e40704b2744995a0386a2d4a297c45a8d30cf0b,artifact
output_package/visualizations/hardware_metrics/hw_metric_004.png,73062,3900dcb2c575538197f89d20f5f8e622b8017033a0aea6a44697020c42c167a8,artifact
output_package/visualizations/hardware_metrics/hw_metric_005.png,73227,9404cd0250750d3470dd926811bcdb07904449933f57fbfa25fbb8eba272e818,artifact
output_package/visualizations/hardware_metrics/hw_metric_006.png,72621,d9a6f39eaffbd87be07faf108630aa8442734835f628535a9a6356d66efcb861,artifact
output_package/visualizations/hardware_metrics/hw_metric_007.png,70518,4656027a61fbb24b1208720762abcbea9b73fc848c7c8f5e0de1a77d5d262353,artifact
output_package/visualizations/hardware_metrics/hw_metric_008.png,73362,e5c0fa4cc0755ee05d8de3ab737299a6dfe80ed95b29b46c6543ba2d857322f8,artifact
output_package/visualizations/hardware_metrics/hw_metric_009.png,74628,b520f9860e41648babb8e34be0bbc03a9951f5e22485c1e3763877d1d940f349,artifact
output_package/visualizations/hardware_metrics/hw_metric_010.png,73864,24a9bbde9fc75615504fef02502896b3df35ee66879972f26688e4ee3bf405f9,artifact
output_package/visualizations/hardware_metrics/hw_metric_011.png,75542,55e3dfe4d0bc0dc1cc34551066260091a4725f126794478e01776b97b6f06309,artifact
output_package/visualizations/hardware_metrics/hw_metric_012.png,70958,805750ad52d2bb520e3ff6f8f80023bb8ac00c0c4fb328d18ad5db3b867f205d,artifact
output_package/visualizations/hardware_metrics/hw_metric_013.png,74799,4ecb7448e5388bafb5748ea55377f438775753cce96c45e634efdf0b2fad997d,artifact
output_package/visualizations/hardware_metrics/hw_metric_014.png,74235,b670f62e536984562707043bc6aead528692321af6e8165acbed6fa5eda2955e,artifact
output_package/visualizations/hardware_metrics/hw_metric_015.png,72645,fab79ad842fc4582f9da0edb93cb6964273c5cc8d7cfaaafbb4678e9dfd40145,artifact
output_package/visualizations/performance_comparison.png,169160,e6854af554aa122a7d1d89c69166ecd915880906c58c852c0ca1c9f86b9a1ba9,artifact
output_package/visualizations/reproducibility/repro_check_001.png,43787,9ab95d693f5303466ee955e809d2a3a7e0721e9b25241f806cb8c6f6111abf49,artifact
output_package/visualizations/reproducibility/repro_check_002.png,44065,34a429cb6603ce4940e837170ba0caddf4596a8e42cb4ee599c366fb75ff4522,artifact
output_package/visualizations/reproducibility/repro_check_003.png,44197,0ad01dd73ffc944f19aa40a38d044773d258bcdaa75308c84884b7ccfd4d7a74,artifact
output_package/visualizations/reproducibility/repro_check_004.png,43877,76bf518d92b4772237e5d9a97d85af7412f09b50809ab7f76691ecc399503b73,artifact
output_package/visualizations/reproducibility/repro_check_005.png,44068,7cbc9f936568f559b31fbb1a8f46e3186bda2555a4b1cf9d05d333ceb925a334,artifact
output_package/visualizations/reproducibility/repro_check_006.png,44226,ba248c63e92b565bebd5b34304753e0071d229f711beb585f8515317b0d16902,artifact
output_package/visualizations/reproducibility/repro_check_007.png,43892,405b45ab6d02f5caa045d842f8d993655725a89892cbecb846a628882b629f2d,artifact
output_package/visualizations/reproducibility/repro_check_008.png,44265,f6bcc7a693aed6a66b4b78c3bc8cb92f8be91d99e71992b180bcefc225ab38df,artifact
output_package/visualizations/reproducibility/repro_check_009.png,44239,d1d6d5c41123a134eb0afa3483620001ebe25b1ca6443ff6686ffa04684a339b,artifact
output_package/visualizations/reproducibility/repro_check_010.png,44273,e0b87f826a8ef75968e369f112235365b19cd593a2f8b87f6ce194690fa8979a,artifact
output_package/visualizations/statistical_analysis/bootstrap_ci_distribution.png,107006,0034c012f938ad83a43a22627f58bd58d75c0950ed91303f0f136b535cc06058,artifact
output_package/visualizations/statistical_analysis/cv_across_runs.png,175470,1aa2e41de2f067d6e8b8c56bb4a342af3c412a033f60877a0ca684e23fcc98b1,artifact
output_package/visualizations/statistical_analysis/stat_dist_001.png,32594,c6de664ffe48fbca0c7257babea78d8edb226dfa9ac34f6109cf0afae53e8227,artifact
output_package/visualizations/statistical_analysis/stat_dist_002.png,32379,1d0ccdbdcbeead31804d41822ebc42b64339ab74f68491f503f8781af3beb8c3,artifact
output_package/visualizations/statistical_analysis/stat_dist_003.png,33946,a104572d5340d72291dc4d8421098430a27a983ae1e1a4ef503dc6e01a9a0a6c,artifact
output_package/visualizations/statistical_analysis/stat_dist_004.png,32918,17939800694139cb0883bddc55e94e8be397d9ea5bc1300208b2d9ec8155eed8,artifact
output_package/visualizations/statistical_analysis/stat_dist_005.png,34124,5c4f45d7da34443a814c69df83b120d0dabe99d0f284dd000c8df84a673615af,artifact
output_package/visualizations/statistical_analysis/stat_dist_006.png,33226,ca4d7a0627d6fc72347b7c25bf236b756ec1eeec4c74e15df2c94c5091e423d3,artifact
output_package/visualizations/statistical_analysis/stat_dist_007.png,32645,d3980b05db66b0074aa8d207197aa2cf817ed2cfccc461f43408b62d4496e893,artifact
output_package/visualizations/statistical_analysis/stat_dist_008.png,34291,772b370255d4333b3782bbf9520dac6b70496696cd1ff9db90a310c44e4beff2,artifact
output_package/visualizations/statistical_analysis/stat_dist_009.png,32101,b14b17a2d74658a6164453946c515d67aecb826821c63d049cc07757564653ff,artifact
output_package/visualizations/statistical_analysis/stat_dist_010.png,33833,2cd7c199571396e7a10e93dca74df4a13807d714bbfff847e8972f8a5877beb8,artifact
output_package/visualizations/statistical_analysis/stat_dist_011.png,33205,c6054101478f687ecf4b15a70af1430a058689a9a2db7ce98355282839887cc4,artifact
output_package/visualizations/statistical_analysis/stat_dist_012.png,32980,50a1ad6d8464f759ca3bc5a482e716ecd5ea6c1c5fb884b91a204d9d58614ae8,artifact
output_package/visualizations/statistical_analysis/stat_dist_013.png,33960,b1059a5b8bfc5ff61e4790320ce73feb178d7594d65d69921b0754373e17fed3,artifact
output_package/visualizations/statistical_analysis/stat_dist_014.png,31714,57e053d9b1b5dceb09add28ebc5ca9d2b0313bb6e8167c79396fa787d9264c34,artifact
output_package/visualizations/statistical_analysis/stat_dist_015.png,32725,9cc548e6d20705190c7f94c756e0ff9909bbfbc940befe0d6ef8b4365251af69,artifact
output_package/visualizations/statistical_analysis/stat_dist_016.png,34045,f945b6bc423be83251ef4050658fb2a42434777408aa95a08f374dca21771b4c,artifact
output_package/visualizations/statistical_analysis/stat_dist_017.png,31775,11dbe15bdede6b7af520497ce6f9f09d34035a0192afb93a344a3a5e486ba8c1,artifact
output_package/visualizations/statistical_analysis/stat_dist_018.png,32193,d2e92180467b26b31cfd68c82f9468b579881564d1df38130c1a4104fa62308c,artifact
output_package/visualizations/statistical_analysis/stat_dist_019.png,32819,f32d877cbad7454044ce1b4bdffe759d2fe8d277bc43eb5addd3b41bc12b0c51,artifact
output_package/visualizations/statistical_analysis/stat_dist_020.png,34692,31d34c1dc949ac19cbecde4769bb0ef22b066e9e2c8c95e047725d1efbbcc2ac,artifact
output_package/visualizations/tensor_networks/tensor_contraction_heatmap.png,108381,aff9ad7f6391725101a762ef1b90dd4b0ba0d3137f43dc6b4da72952bd250e04,artifact
output_package/visualizations/tensor_networks/tensor_view_001.png,29319,7ba71025ca0cf5668627973995985e54d28004d8d0b95f655a30c873d980183c,artifact
output_package/visualizations/tensor_networks/tensor_view_002.png,29668,ae40a630e1cb3730e1d9c5164ee38a41565e130b85eb395ef1b0912a9987dfcd,artifact
output_package/visualizations/tensor_networks/tensor_view_003.png,29743,3a52b0e7996fdef0b3d690d917b7b7750b10211374f76abad641cf8bc104b2b2,artifact
output_package/visualizations/tensor_networks/tensor_view_004.png,29552,9a72a4b79626159060e3de49eaba69996f51174168858b2b303329c65d2e088a,artifact
output_package/visualizations/tensor_networks/tensor_view_005.png,29597,03e901e247a5f0d91caf83daaccdf52e2beea43bb12605a4321f75ef54b72e8e,artifact
output_package/visualizations/tensor_networks/tensor_view_006.png,29764,5df5e88dc0b6bf7e32e4f1e391e28805f0c121a47232c33db1b2bde18d192b18,artifact
output_package/visualizations/tensor_networks/tensor_view_007.png,29435,9a64b612d04120ea519294dfff73a2b29cb07e9dcb5a5e651f57c8dcd6eb49ee,artifact
output_package/visualizations/tensor_networks/tensor_view_008.png,29879,c3a69bee5cde034fca776d27bae9d08484f24d4504d226a9e3920821c12aa1f4,artifact
output_package/visualizations/tensor_networks/tensor_view_009.png,29844,92741945134b608bab1b172bf14484ccb0282608d0ad74b0eb68caaa04c52279,artifact
output_package/visualizations/tensor_networks/tensor_view_010.png,29925,edda1ac9c9e1bffae870d655154f90ed4c3b85c26ddeddbc37a908f95231c950,artifact
output_package/visualizations/tensor_networks/tensor_view_011.png,29578,aa142ebf5df01fbb8bde2c90ba702f356edb7d32a3d57dc362a028f3d144efec,artifact
output_package/visualizations/tensor_networks/tensor_view_012.png,29809,4b91b42d6034c0d1f9b7827dd2d496d0982a604b2906c0ecfff1291d0782b95a,artifact
output_package/visualizations/tensor_networks/tensor_view_013.png,29942,b21db25c78e2c8119a37da6fa1b06611173ff674897afd784bd0712052e70d88,artifact
output_package/visualizations/tensor_networks/tensor_view_014.png,29619,a2cdaa57117b92644aa7a899ea3ebeca6ed8759cea1086423b8933f2fb213432,artifact
output_package/visualizations/tensor_networks/tensor_view_015.png,29739,e56ec98839c3eababd730fb0ec52f6bc335cf0d47793bfd122a581c9a61e8960,artifact
qrVITRA/merkler-static/injected/cuda_ptx_hash.bin,32,66687aadf862bd776c8fc18b8e9f8e20089714856ee233b3902a591d0d5f2925,artifact
qrVITRA/merkler-static/injected/driver_manifest.bin,32,66687aadf862bd776c8fc18b8e9f8e20089714856ee233b3902a591d0d5f2925,artifact
qrVITRA/merkler-static/injected/epoch_pubkey_a.bin,32,66687aadf862bd776c8fc18b8e9f8e20089714856ee233b3902a591d0d5f2925,artifact
qrVITRA/merkler-static/injected/epoch_pubkey_b.bin,32,66687aadf862bd776c8fc18b8e9f8e20089714856ee233b3902a591d0d5f2925,artifact
qrVITRA/merkler-static/injected/merkler_self.bin,12,2f73349cfc4630255319c6c8dfc1b46a8996ace9d14d8e07563b165915918ec2,artifact
qratum_desktop/assets/icon.png,31,9ce5bea723bdad349b3a8c9f299b34a3c80c004f27f6ae2cb69451a3bb38398e,artifact
qratum_desktop/assets/tray-icon.png,24,4d18b6a28c2f20e58917714ef76338573784336cdf99e99be6067d9f622bd5d8,artifact
qratum_desktop/src-tauri/icons/icon.png,104,0272229536235f6b7e12e66985d2cff2a38f6d88fe4a1ae21b7ed8f495760dce,artifact
quantum_phase_diagram.pdf,46988,091f6e383dc9f03c57fd2916b1a6962a716f6720aa7c235c4f425b9404f05e72,artifact
quantum_phase_diagram.png,336750,3a334b553fe775ab188f5fdd593132bb3800901d0bad2a9dbb4074cde2006442,artifact
quantum_phase_diagram.svg,186813,cd1e25330d94df116d43426297293c8a000c3c864ad0f3549b9962ce7677bcce,artifact
quasim-closure-repo.zip,1666005,a9fee579dcfa3a94d890ca284fdbe2430644d730163f6a29523ac229d169f86c,artifact
quasim-executive-brief.zip,1992,9f00ca48e1a506a7baf965c89c856c761ffcfa5dfeb8d984da5d6c2c0be76893,artifact
quasim-hardware-tier.zip,1626,7de62bc343ccc2900fdeb48256ca8f59df8bf44f263de5fc4a79764a907ee104,artifact
qubic_field_viz.png,302869,4389c4511f8059e951fc3b503a15921a7c2089b5836d655759764d6c6d82ddff,artifact
qubic_mechanism_viz.png,108628,06096be14578919e9ebe1143d65a1ce1000694cfbc634ee8b45f5ec3a027bce5,artifact
qubic_quantum_viz.png,389940,775aa50edbf8738dac11199dc5e33c806feedaef5abd1f35cb6babd18433d9d5,artifact
run_1cc29a8340f14dee_1759104194.zip,15808,fc737cc065c50b81446a003ed19d1072f7b67c72cd6168d399f9ee0372142edb,artifact
run_1cc29a8340f14dee_1759104224.zip,15796,ca8b948fb28b52037a4eafa6971b23b9f43867759c47abf15ed4e0223e145c5c,artifact
run_1cc29a8340f14dee_1759294890.zip,18294,b1f9e8870d3b0ca9e45dcd5435355368eec6381309ff6da75bea15d04b5d13b9,artifact
run_2928d32c1e16faf3_1759342863.zip,8123,54de235e4ecdfa163d8a652a117a4f0861c10a5c23428f47099515b0a1269b78,artifact
run_2928d32c1e16faf3_1759342884.zip,8151,7f755a86891a4758f50c529bc5937f702ea4984633771aaad43925766aaacdfe,artifact
run_2928d32c1e16faf3_1759342937.zip,8199,a4ed6458b1fb0b69e0fb785dc6142205df6a0f8784149d3bc2f9d1f7d2285b6f,artifact
run_2928d32c1e16faf3_1759342990.zip,8200,1cb551b8c18659812259dc8466bfede6ed6f682690b746954d35a333aed2f5a3,artifact
run_2928d32c1e16faf3_1759343023.zip,8265,19aec89910144b0131bcbcb2f33c5fe563ad63bf65c14b14f585d4a4f031dab6,artifact
run_2928d32c1e16faf3_1759343051.zip,8269,46372119f9c98ebd3bafcc963008ac5ada3db7b60a3479b9df88ed67370a97b1,artifact
run_2928d32c1e16faf3_1759343315.zip,8263,2bfa596b57781855c45b801fd5d3cc2d316f8b06a110403c6150f31b5cddc3f9,artifact
run_5e6c251dd00526fa_1759343791.zip,8374,adde7ed057f2d0ca82f2a63e2b1f208290dbeb3254c0f4537307d985ff30a015,artifact
run_5e6c251dd00526fa_1759343854.zip,11426,d313063f5e358c63db714e2a4c5ba098a8f3a10f9106455af204808083eff2e6,artifact
run_5e6c251dd00526fa_1759344085.zip,8443,cd5157b1622c94be6d0f9c56ef5e5043d0ac5218afd4bd44ed967b9e084001a5,artifact
run_64ef932f5be16aa9_1759354868.zip,13313,36265a1ddfd4bae9f123fae2f38ebf629cdeded93fd10d5e558e99562beac92d,artifact
run_64ef932f5be16aa9_1759354896.zip,13339,4e5b1561444d6fc2943a2eef165c563f03ad9181898aa720d4d013671705b555,artifact
run_64ef932f5be16aa9_1759354925.zip,13268,4a13d37a79624408b2da5542c4fb8b5de5375982d3870eca6916abc1527defb3,artifact
run_64ef932f5be16aa9_1759354976.zip,13275,d48170f00ccaac5160576c3b7abe901e10aa85b6f01277b7d504a79214695e59,artifact
run_64ef932f5be16aa9_1759354997.zip,13264,c235b384c3a1711abf4a89e2589e56be0cdba018cc572b62aace3b500963eb72,artifact
run_b652ff002c7806b6_1759540598.zip,12495,5264214ecec945de4320cec18c209f01b32eeca706e8f79d62bd57382d199f26,artifact
transport_characterization.pdf,42188,0e382288bca6d30af6ff3990c0e943dd912223866dcbc06b9d601c64f4337ef3,artifact
transport_characterization.png,667217,f19714e2d2cde594fd8d9379b25f6459870ef6f095a749cb47bfec1295e96aca,artifact
transport_characterization.svg,196283,375001b8f967be71ee564746f73d71a607f11b95105d3e1c783cf87df38325ed,artifact
visuals/adoption_timeline.svg,2915,9bbb52f9a3cadf64c7ea64f3277c1ffebab105828a9ab401496c3c22d623d53f,artifact
visuals/cash_flow_curves.svg,3816,78e8ea025d69cd956e468d02e3624f67c865deba719d9b9619e697234459c6d8,artifact
visuals/qii_distribution.svg,3772,a09b9fb39d2060fb9f1ef831e63602c4b6d0d24c62da8dc9f24a080dbc90c16d,artifact
visuals/rnd_qii_correlation.svg,65213,38104265e36c5d13b2f8ebc969d9853588fa73de3a05e89e35dbc07e88fb28bc,artifact
visuals/sector_comparison.svg,5658,183ce86f659ac236819489ececdb474a0ba12e217a41dcaebaf5a13199382b55,artifact
visuals/sensitivity_tornado.svg,1242,f6a8d337ec1b836cd593a2d946327512cb0fd1cba3397aeaf2b8bfc9ce71f46b,artifact
visuals/tam_sam_som.svg,4453,1dab5ebfb8e24dbcb49263556f8b4b067c32c047684f4001a00663d5ec808347,artifact
visuals/top_company_radar.svg,2921,143480c342201f26bfba909c3c1e13f918d7c1bc8e691c2829d74c2491290c31,artifact
visuals/valuation_histogram.svg,1550,5dd1f3cf8ede34a2c6cda622c93cb59fece50d3944d34034442aad3ed3688b54,artifact
viz_output/quantum_entangled_3q_phase.png,203905,06dbed50b6ce98711cd21474255ae42ed838bc5f5f1fecf0891e72c9a48b52e0,artifact
viz_output/quantum_entangled_3q_prob.png,188641,6745c6b9d531ce187f84f744c1050d5654e2fa691e98219cc049965388502e0e,artifact
viz_output/quantum_highres.png,619918,ffa62a8ed9b86879901e7210206c5c9ee9c00ad4de6d3b2840bac60d7a261e71,artifact
viz_output/quantum_superposition_3q_phase.png,184299,0167abaa3e71bf34980c3c30229fb3b09789dde0eac17a073acecd79707e3929,artifact
viz_output/quantum_superposition_3q_prob.png,187608,80c1b6e95549572b6f83957733295813e4e73a3d0746c3bf7ea341c715a14efb,artifact
viz_output/quantum_superposition_4q_phase.png,188775,7fd7a140fb96276dd495f607581c79c090a19774c7a8df7c329c4b23874f0619,artifact
viz_output/quantum_superposition_4q_prob.png,195265,b852d586669134523b35026ecd382a96d1c69b76b4c6e11b4d06fcc090c695e8,artifact
viz_output/tire_stress_von_mises.png,493495,15974717d1307c7d1020ea44af9361676d3082e372c78085a51810dcadf902e3,artifact
viz_output/tire_stress_web.jpg,736480,29d67c2f44efa3d2899560128ee85c36a7df90d342ff810b17f443551eeead54,artifact
viz_output/tire_temperature.png,473659,f9187a61935275ed62520f8e8c2ad337693933e421f08ebfdb924dec7bfef922,artifact
viz_output/tire_temperature_highres.png,1416132,348933dc6d119584118807102145fb5ee47beb9597b9b4c52a7be7ef5741c570,artifact
viz_output/tire_wear_depth.png,482562,5bdfcb4d43e37a6df7bb9008aaabb9b93c515d1105033a691103fa82939b924e,artifact
